file,size,sha256,valid_zip,mod_ids,display_names,en_namespaces,ru_namespaces,nested_jars,errors
accdelight-1.0.0-neoforge+1.21.1.jar,104485,b4f9bba56f68122b23792c33a7ac9e124ff1f0d1ad108a01414f0d6f7edc227b,True,accdelight,Alex's Caves Continued Delight,accdelight,,0,
Ad-Astra-Giselle-Addon-neoforge-1.21.1-8.1.jar,486266,8b50abe78976e7a85fd506b868ec896fe8d058ceb134e6cc5f5fe78f489e57bf,True,ad_astra_giselle_addon,Ad Astra: Giselle Addon,ad_astra_giselle_addon,ad_astra_giselle_addon,0,
adastra-1.21.1-1.16.26-neoforge.jar,7301791,b8d1441e284db2e1e8ce5ffe739452633c90725312e476db8d8a0a4b64126856,True,ad_astra,Ad Astra,ad_astra,ad_astra,1,
AdditionalEnchantedMiner-1.21.1-neoforge-21.1.164.jar,733289,44f6aad5962ede3d8a636fd826a580d34c2a5750e06b0ee59ab110163e389dc4,True,quarryplus,QuarryPlus,quarryplus,quarryplus,0,
ae2wtlib-19.5.1.jar,252091,407e7300351353cb4cb7698286e180aef2bd6e7a97ec7efc6493f9daa4dbffe5,True,ae2wtlib,AE2WTLib,ae2wtlib; ae2wtlib_api,ae2wtlib,1,
AEAdditions-1.21.1-6.0.2.jar,783647,3e9c0834e043fc0075a87a40013a11d8406581ef8c1564cc2e94a0ffb5792101,True,ae2additions,AE Additions,ae2additions,,0,
aeronauticsplus-0.2.0.jar,32344,49956193e68315cddbedd7808a794f9d15779ecd4e5c69b38aa355db383453c3,True,aeronauticsplus,Aeronautics Plus,aeronauticsplus,aeronauticsplus,0,
aeronauticswinds-1.3.1.jar,1869977,53bb9af0d68235edbaea743c3dae76f897323ff651ef529d8f3f013ff1ea2789,True,aeronauticswinds,Aeronautics: Winds & Weather,aeronauticswinds,aeronauticswinds,0,
AgriCraft-neoforge-1.21.1-4.0.17.jar,2162927,97246a1ba41a8ff5396c0f1e602ff942910842cd02ad8bca25a2c2bae8122ac6,True,agricraft,AgriCraft,agricraft; biomesoplenty; farmersdelight; immersiveengineering; mysticalagriculture; pamhc2crops,agricraft,0,
alexscaves-1.1.1-neoforge+1.21.1.jar,75288053,443da0d9b2514720b3321239defa68ab982e296451274de2a55f5462dd66ae07,True,alexscaves,Alex's Caves Continued,alexscaves,alexscaves,0,
alexsmobs-2.2.2-neoforge+1.21.1.jar,27464680,240a96f8b098892e5374bdfedaced89f5fb8f7c9b79527534d397c5b7b1673d5,True,alexsmobs,Alex's Mobs Continued,alexsmobs,alexsmobs,0,
almostunified-neoforge-1.21.1-1.4.2.jar,295093,65202adf4dccf7b3033537e539e23eccc541c6a15ad88d87fa1c5a09ceb3359f,True,almostunified,AlmostUnified,almostunified,almostunified,0,
alternate_current-mc1.21-1.9.0.jar,50425,d23731fcb31cf561544fd7a97b0076b3abb42a0ece0631f86de9a1425fe046f5,True,alternate_current,Alternate Current,,,0,
amcdelight-1.0.1-neoforge+1.21.1.jar,132348,9df7d116446200f5e4939b00b1a251e868200741d4527b55a1973f4f9c2b2216,True,amcdelight,Alex's Mobs Continued Delight,amcdelight,,0,
appleskin-neoforge-mc1.21-3.0.9.jar,75804,38b48dd6231341c9f964ce6e42c57ec866c6cc8f72bec938390a59bafb3922df,True,appleskin,AppleSkin,appleskin,appleskin,0,
appliedenergistics2-19.2.17.jar,8230896,460d779a0609b81409907d9956de8f6f70a1b0912257e3e5c3c7e75ac9630e95,True,ae2,Applied Energistics 2,ae2,ae2,0,
architectury-13.0.11-neoforge.jar,584734,9cc92f2c09533fc5482c60f993bd891c655a0e32b637037cdcb7c2b23adedeeb,True,architectury,Architectury,,,0,
athena-neoforge-1.21.1-4.0.6.jar,99944,43699885bbce3343916d4c5c4940cf0e3f9f6f02fdeb46e8655e121b42282ec5,True,athena,Athena,,,0,
baguettelib-1.21.1-NeoForge-2.0.7.jar,85738,a1af3ae5c2945240bff3afa779621d9d8e21fb23bb6b1433f584e746735bae24,True,baguettelib,BaguetteLib,baguettelib,,0,
balm-neoforge-1.21.1-21.0.66.jar,783793,6be660e1f6d169553bf44f66d4f78bb9e96a1d66ce108d9608819e3ce6bfba34,True,balm,Balm,balm,,1,
bellsandwhistles-0.4.7-1.21.1.jar,193619,a438cf2ea3a05120e12342484f1e12ca11526fbf4195d259ce1d7df8a9b3ffca,True,bellsandwhistles,Create: Bells & Whistles,bellsandwhistles,bellsandwhistles,0,
better-advanced-tooltips-2101.1.0-build.5.jar,37653,0f76d46f2f18eb67e67c7974170d7b27deb66473396461c8dc50d6949de1449b,True,betteradvancedtooltips,Better Advanced Tooltips,betteradvancedtooltips,,0,
betterdays-1.21.1-3.3.6.3-NEOFORGE.jar,585998,03acad0637dd5d86361178eb3e87ad8f2ed965e9c84514df4dc4228bb24aa2aa,True,betterdays,BetterDays,betterdays; whitenoise,betterdays; whitenoise,1,
bigwater-1.2.0-neoforge+mc1.21.1.jar,24780765,c36c6335dff556ff130eff79506b3d1200bf6c318863af04d698f6ec15917eff,True,bigwater,Big Water,bigwater,,0,
BiomesOPlenty-neoforge-1.21.1-21.1.0.14.jar,22338157,99e4edeacfd7c9b0992144988df4f190dcb7955a7cc1e7323715505b3579bc9b,True,biomesoplenty,Biomes O' Plenty,biomesoplenty,biomesoplenty,0,
burnt-1.10.5.1-neoforge-1.21.1.jar,22305749,5683d86051e5294b65530df0c4abb7988edd8a32fccb843883c5bdfe0d3eb0bc,True,burnt_combined,Burnt,burnt; burnt_additions,,3,
cannoncompressedarmor-1.0.0.jar,2317633,4f7f57aef07991bd00c5234764d71907913de182cc3a64a059c3f3c958bd4e61,True,cannoncompressedarmor,CannonCompressedArmor,cannoncompressedarmor,,0,
carryon-neoforge-1.21.1-2.2.6.13.jar,361486,d4f9576b6593db9486a89d35c1d84c31ee89141d99dbae2aa470350ab53c4e09,True,carryon,Carry On,carryon,carryon,0,
CBC-Military-Supplement-1.21.1-2.1.4.jar,2203020,6541d82ec0a6742719293b3c2a46cf20e6c8710ba8abfe1586c76583d08a0832,True,cbcmoreshells,CBC Military Supplement,cbcmoreshells,,0,
cbc_going_ballistic-0.3.1.jar,203847,0c06454df5b7a2e6d1b82e001e761fc997e4efc7c1028f2401b608149132df25,True,cbc_going_ballistic,Create Big Cannons: Going Ballistic,cbc_going_ballistic; createbigcannons,,0,
Chest-Preview-NeoForge-1.21.1-1.0.0.jar,101632,3d0efa5d295cbfc406903c265f118320515e72d05b189b4e81b5e82ce8111c04,True,chestpreview,Chest Preview,chestpreview,chestpreview,0,
chipped-neoforge-1.21.1-4.0.2.jar,15020578,18ac6fd6b30db4922ccc6ee8bea5b113f69587505b7529834f37ace506427291,True,chipped,Chipped,chipped,,0,
chisel-1.21.1-NeoForge-1.4.1.jar,13104075,a99a7fcf7dd8e8701a15b3f70ea37e23338cdb0b367f6c8f27e4717b6f4138ed,True,chisel,Chisel Modern,chisel,,0,
chisels-and-bits-neoforge-21.1.32.jar,1698321,982f4523abc12c5de1e84410f4e0ee29e134e854272c3bdb2c8fe24841a21265,True,chiselsandbits,chisels-and-bits,chiselsandbits,,8,
Chunky-NeoForge-1.4.23.jar,340572,d72f235cf1f56f2c374f52c00bdda5034524b28142305a84cfc123a3f92ad274,True,chunky,Chunky,,,0,
citadel-1.21.1-2.7.6.jar,3028943,9e12468c49e5a95b7adbf22b3b4d05bc55565989b89c40b985cd73bdfe63c3c2,True,citadel,Citadel,citadel,,0,
cloth-config-15.0.140-neoforge.jar,1163890,65e722e0d98431a07c45f8bdd8d529a217cc8c175fde1740248bd5c1b4f3c0d4,True,cloth_config,Cloth Config v15 API,cloth-config2,cloth-config2,0,
Clumps-neoforge-1.21.1-19.0.0.1.jar,18382,b524ccdace2ef8fd19f5b2074f7de1103ac5065c52553f064c00e098346c293e,True,clumps,Clumps,,,0,
codxlib-1.6.1-neoforge+1.21.1.jar,193045,15d9052888ad8b0db4719eb1aa4a409b892a4f9314e68169ad1848bbe1e1db52,True,codxlib,CodxLib,codxlib,,0,
comforts-neoforge-9.0.5+1.21.1.jar,422658,6b0fd35a1349107e08a45539adbde9683bb203febc43a3305f6fc4ac73e59615,True,comforts,Comforts,comforts; spectrelib,comforts,1,
common-storage-lib-neoforge-1.21.1-0.0.10.jar,309860,921bd8d255a65b5e21a5c74aa661d1ea4ed034febcfbb5939da054ce08f9d109,True,common_storage_lib,Common Storage Lib: Core,common_storage_lib,,3,
configuration-neoforge-1.21.1-3.1.1.jar,423189,b903cc326e10af63226c7a45571bda1e0cf88b978c9920275806e852bcd92bc1,True,configuration,Configuration,configuration,,0,
Controlling-neoforge-1.21.1-19.0.5.jar,77555,cc525fb6b030d9e4d33176983f278919e17b33935e2ca568929bdfa98f2b44a0,True,controlling,Controlling,controlling,controlling,0,
copycats-3.0.9+mc.1.21.1-neoforge.jar,1799381,d1efdd8688af6603dff9425299ac4547ef56a7d5cfee757716ead7853276694e,True,copycats,Create: Copycats+,copycats,copycats,0,
cosmeticarmorreworked-1.21.1-v1-neoforge.jar,92722,6328049755735159c55f5918ac301cff53a8d8790c3fe63e32e7d8a0e37f123f,True,cosmeticarmorreworked,CosmeticArmorReworked,cosmeticarmorreworked,cosmeticarmorreworked,0,
create-1.21.1-6.0.10.jar,19123767,ef87fe5709f1ba1f5b8bb20a2925b5afb4669e178fd6d8bf10c167759eefe37a,True,create,Create,create; flywheel; ponder,create; ponder,3,
create-aeronautics-bundled-1.21.1-1.3.2.jar,33123131,a3f330d4757640f8715d991a43eedb826e4d0e51558d859c843ae6693bd35f1e,True,aeronautics_bundled,Create Aeronautics,aeronautics; offroad; simulated,aeronautics; offroad; simulated,3,
create-autonavigation-0.2.0.jar,132450,90f88f6737e00bb34acb2bbb9c66eaaaeb044d499f4c6cf1df55e12efc00f39f,True,create_autonavigation,Create: Autonavigation,create_autonavigation,create_autonavigation,0,
create-central-kitchen-2.6.2.jar,511685,b0cd470dce5a1cfd455255d0d26951326fd2abdad8fc785e3545d3bbbc53e222,True,create_central_kitchen,Create: Central Kitchen,create_central_kitchen,create_central_kitchen,0,
create-confectionery1.21.1_v1.1.3b.jar,2127265,1a5022528f5c06bf2cdd39c71169c90cd61e80c3f44879c747a7debd63e25a96,True,create_confectionery,Create Confectionery,create_confectionery,,0,
create-new-age-1.2.0+neoforge-mc1.21.1.jar,1644485,a217ea21ccc8364e99d86777e519436bc7c94516df9737ad0103047e48a44717,True,create_new_age,Create: New Age,create_new_age,create_new_age,2,
create-stuff-additions1.21.1_v2.1.4b.jar,1347181,4aee9a1af2754609ab31bfebf13dc0d7d648e61e440232dbf9bb3459941e23d5,True,create_sa,Create Stuff 'N Additions,create_sa,create_sa,0,
create_aero_radar-0.1.1-1.21.1.jar,160220,77da138d202ed9fa95f57ee45c411f7af4b6addfa55ff5175bd379b68cd079a6,True,create_aero_radar,Create Aero Radar,create_aero_radar,,0,
create_connected-1.3.3-mc1.21.1.jar,6786784,89d2404d2d5bc696b1813e39b9d1616a41888f74a648771152b0b0323a490265,True,create_connected,Create: Connected,create_connected,create_connected,1,
create_hypertube-0.6.0-NEOFORGE.jar,546142,7bdb8979c7ff7d3b29f7a23771b6ae4870a6dcb7ce2e4a3214fdd6059aacace8,True,create_hypertube,Create Hypertube,create_hypertube,create_hypertube,0,
create_jetpack-forge-5.2.1.jar,495109,cf99c1c4943230c6b1d88527da72c3a9db908d76bcaf4e3fefe345ac8a3c9081,True,create_jetpack,Create Jetpack,create_jetpack; flightlib,create_jetpack,1,
create_mechanical_extruder-1.21.1-2.2.2-6.0.10-kjs181patch.jar,523313,ce7d3a24625488f4ab04ea3f5eab52ee08a25531d161a873e13709b64ad15608,True,create_mechanical_extruder,Create Mechanical Extruder,create_mechanical_extruder,create_mechanical_extruder,0,
create_mechanical_spawner-1.21.1-1.3.2-6.0.10-kjs181patch.jar,1215462,fccff86ba54817145db138941e48265cb56d351fb2dd67f777a2fa3c72971844,True,create_mechanical_spawner,Create: Mechanical spawner,create_mechanical_spawner,create_mechanical_spawner,0,
create_no_touching-1.0.8Neo-Aeronautics.jar,277692,301373925bdb918fb3c0be97cfc84bab0d3f0384062eede3b8f2d1f74d15a150,True,create_no_touching,Create: No Touching,create_no_touching,,1,
create_optical-0.4.2.jar,8003762,52d32c5362617c7b796efbc1a588e4d844107252fe30c5645eb10741d5c090bd,True,create_optical,Create Optical Mod,create_optical,create_optical,0,
create_radar-0.4.9.4-1.21.1.jar,2990812,4554359fee389b1c255b4cef23ac41e978b2a371cec9e952185f4ec0a90ee930,True,create_radar,Create: Radars,create_radar,create_radar,1,
create_radar_mobile_radars-1.0.0.jar,300070,a203590e13c076c9ecddddfc923ea624b80593d01cd2febbcdf4ab046716d31f,True,create_radar_mobile_radars,Create Radar: Mobile Radars,create_radar_mobile_radars,,1,
create_ratatouille-1.21.1-1.4.0.jar,918946,718725af78207805901df06f5dbcbf5f5f30fb6def1795b07ff0b60c653df194,True,ratatouille,Ratatouille,ratatouille,ratatouille,0,
create_sa_curios_jetpacks-neoforge-1.21.1-1.2.4.jar,45306,61f6ecb6177d72e9d6a198ac1b8fd7c0227f061df62d58a15e19e927020b57f2,True,create_sa_curios_jetpacks,Create SA Curios Jetpacks,create_sa_curios_jetpacks,,0,
create_tsr-1.1.0.jar,182236,030eb35f45ebd1080c456f1f43a2fc0faa9c9d44521ccbfa2109133c641d0a73,True,create_tsr,Create: Track Switch Radio,create_tsr,,0,
createaddition-1.7.1.jar,1726257,69035faca181f645f23cff493fcfeebc5b3fb0f910460cf6547be13b6219062e,True,createaddition,Create Crafts & Additions,createaddition,createaddition,1,
createbigcannons-5.11.7+mc.1.21.1.jar,3771506,ea017ab94637032d039899d88404838d173fa0e6286657cae6a6c3af459e87ca,True,createbigcannons,Create Big Cannons,createbigcannons,createbigcannons,0,
createdeco-2.1.3.jar,3328498,edacf1ad0bd6b9f1667d711650dc0cde604356d91caca7ca1ec428c2f9400c6e,True,createdeco,Create Deco,createdeco,createdeco,0,
createdieselgenerators-1.21.1-1.3.15.jar,3154746,56ef1d574278fc311f1ffa223dbd613077b899354a18d01ae8dca2578a4e2990,True,createdieselgenerators,Create Diesel Generators,createdieselgenerators,createdieselgenerators,1,
CreateDragonsPlus-1.11.9.jar,1085674,37f05a6775bbe811fe8c2833fa6289a1c704d0b25bdd5f239d343a5c6f62ed8a,True,create_dragons_plus,Create: Dragons Plus,create_dragons_plus,create_dragons_plus,1,
createendertransmission-2.1.1-1.21.1.jar,84366,13f237796ba51312a385ebd55b252c55598d49bcf677ea68f0bfb9bd88c23b63,True,createendertransmission,Create Ender Transmission,createendertransmission,,0,
createfirefightingadd-0.2.3-beta.jar,1713539,3068f7c7cbb122eeb732a222069efbc3c5b86035d5b6d4d129db5d2677a02db5,True,createfirefightingadd,CreateFireFightingAdd,createfirefightingadd,,0,
createmobfarming-1.1.0.jar,323854,c6b725328df5749365983d2dc27596be4ffa4f188f3d147ce8c1592e931b4d1d,True,createmobfarming,Create: Mob Farming,createmobfarming,,0,
createoreexcavation-1.21-1.6.8-kjs181patch.jar,476831,80d5e26687bce0a28e2b3727abc462eb120cc2cc56e1f5e32e6432d3a35589a8,True,createoreexcavation,Create Ore Excavation,createoreexcavation,createoreexcavation,0,
createpropulsion-1.1.5.jar,1707765,5525a3a0c8b1c476cbc467d021e9d1492b58c78de31ed269eb04f169d42db0a1,True,createpropulsion,Create Propulsion: Simulated,createpropulsion,createpropulsion,0,
CreateRadiologistics-1.1.2.jar,4295083,61c8cb17bd51e772af88f81fc8865616cf9960572c0532abe88b9751ad928557,True,radiologistics,Create: Radiologistics,radiologistics,radiologistics,0,
CreateTailwind-1.0.0+1.21.1-neoforge.jar,123341,29a833ec859ae8c64c28ee6e3bf3af764c9634e753ec9cca9a0eb42d5218ec37,True,createtailwind,Create: Tailwind,createtailwind,,0,
createtree-3.2.3.jar,118044,3fea55e86ea1d76083d622141062c5060b05358efc7c89b54cee02809968f0ef,True,createtree,Create Progression Tree,createtree,createtree,0,
CTM-1.21-1.2.1+3.jar,240791,bf1bfdf13a7fd8d9f0521b9ef9466e57dabfebaa54d972563bcb0f379c4c8b35,True,ctm,ConnectedTexturesMod,ctm,,0,
curios-neoforge-9.5.1+1.21.1.jar,410690,a45df2125c26219974aba7507ffc9afe7b83acc941a386af3faacb1cc0056fde,True,curios,Curios API,curios,curios,0,
custommusic-1.21.1-1.0.1.jar,1917712,aa5d02ccebfa121ae9e182d6a9171c4953a0138cde1c71c7e0fa87c118cc792d,True,custommusic,Custom Music Player,custommusic,custommusic,7,
dynamic-fps-3.11.4+minecraft-1.21.0-neoforge.jar,220193,78cb67c9faeff5d1cb4da48d41e48ecc47baddaaec0f792e6edc8207aee0ab8e,True,dynamic_fps,Dynamic FPS,dynamic_fps,dynamic_fps,1,
emi-1.1.24+1.21.1+neoforge.jar,1111538,b68691f94f0727fc517cac2ab55bd6658d1179cc8cc715fe610b60c37469bc4c,True,emi,EMI,emi,emi,0,
emi_enchanting-0.1.2+1.21+neoforge.jar,15680,c22dd7b46acb67e83dcba71b50ced95fe0fb9f2f75b9c0e8ce66f338fda301ca,True,emi_enchanting,EMI Enchanting,emi_enchanting,emi_enchanting,0,
emi_ores-1.3+1.21.1+neoforge.jar,116663,079e92666e61d0c15671f73f89191d6e5b71f4b70c6abbf97be273bd76a1ce52,True,emi_ores,EMI Ores,emi_ores,emi_ores,0,
EMIProfessions-neoforge-1.21.1-1.0.3.jar,23544,c034cc140abf7e360e1ef60b597e825862e65287107eadc7e33419c1c50c466e,True,emiprofessions,EMI Professions (EMIP),emiprofessions,emiprofessions,0,
emotecraft-for-MC1.21.1-2.4.12-neoforge.jar,861829,8cff63e900acd55bb39d41978cc2a70a974e326e2038c30ff20ccfde4c953a43,True,emotecraft,Emotecraft,emotecraft,emotecraft,2,
enderio-8.2.12-beta.jar,6598496,5fe098153dddc2e7ccd9d38b0341dbc61f3072150958c916e5ef63f395e4eab1,True,enderio,Ender IO,enderio,enderio,3,
entityculling-neoforge-1.11.2-mc1.21.1.jar,1510018,3983b981da4a0583c7e58184a8631a23e56cc3b81f4cb53491ca600382879b82,True,entityculling,EntityCulling,entityculling; trender,entityculling,2,
excompressum-neoforge-1.21.1-21.1.15.0.jar,716398,135198718555ecce524d7b965ec62f5dd1d159710a0146dff3745316797c6e33,True,excompressum,Ex Compressum,excompressum,excompressum,0,
ExNihiloSequentia-1.21.1-7.0.3.5-build.LOCAL.jar,1702823,2d948288c8b357a9bbd16c61249eead2e179bdf4fb6e3b84f986f95342c2e28e,True,exnihilosequentia,Ex Nihilo: Sequentia,exnihilosequentia,exnihilosequentia,0,
ExtendedAE-1.21-2.2.35-neoforge.jar,5578031,14a2860fa2c747e9dda2279b8933fac6311fecfee166c765171022b902591c65,True,extendedae,ExtendedAE,ae2wtlib_api; extendedae,extendedae,1,
extradelight-2.6.6.jar,10959956,656bcd42f3dee8b6d961f7c11804f105f05f88d60824d38a29d3c81f609fa6be,True,extradelight,Extra Delight,extradelight,extradelight,0,
FaradayEarsMod-1.21.1-1.0.0.jar,93023,d4029df3aa5873069c23f7337f91c36172a081a8351d9c4970d4fb5490dad609,True,faradayears,Faraday Ears & Tail Mod (Yellow Fire Style),,,0,
FarmersDelight-1.21.1-1.3.4.jar,3160490,139ad7696462c89c03eea463f805abffa552526c5dadaadae221dd9624cb197c,True,farmersdelight,Farmer's Delight,farmersdelight,farmersdelight,0,
ferritecore-7.0.3-neoforge.jar,121559,d87ea28262715ebff45b8a82d493e6b468e7a4521bc021df5d88302196d030a8,True,ferritecore,Ferrite Core,,,0,
firstperson-neoforge-2.7.2-mc1.21.1.jar,1612095,9f8b573059d63c8c64a827af13b6d6300e9f9c5dc11479a0a1f4db7092ac346a,True,firstperson,FirstPerson,firstperson; trender,firstperson,2,
ftb-backups-3-21.1.5.jar,91354,b769eb27e8a26c8a894d87ae0bea5c544ebb3ef6712af2f79cd6ef16afe685d4,True,ftbbackups3,FTB Backups 3,ftbbackups3,,0,
ftb-library-neoforge-2101.1.36.jar,1439427,5122579e4d55d77057e98a1403b6006dde95d397976fc3c2ee7dd066747c696f,True,ftblibrary,FTB Library,ftblibrary,ftblibrary,0,
ftb-quests-neoforge-2101.1.36.jar,1609984,6a39982c4b3afc00b1e788041a4f0d394e1659e3b3a6e5d078cd790bc36d0018,True,ftbquests,FTB Quests,ftbquests,ftbquests,0,
ftb-teams-neoforge-2101.1.11.jar,308236,e6bcd670493624e6906df872a9c6af4a33fe6405cac57a32c59cd4cd5838c655,True,ftbteams,FTB Teams,ftbteams,ftbteams,0,
fusion-1.3.15b-neoforge-mc1.21.1.jar,947338,a926fdeaf74829a923c37ba1be8d188e40d8537d217c1642643d3ae1bcb25866,True,fusion,Fusion,fusion,,0,
gaboulibs-neoforge-1.9.jar,31997,d8612146ba3789495cdbef705c9bc2b807a5c00d9b4eb3da53e75809068e0327,True,gaboulibs,gaboulibs,,,0,
geckolib-neoforge-1.21.1-4.9.3.jar,634531,20a1995e4074f387ff549e2c57ea79dd7d41ee83c6afb9dd6a6e840e592d1c47,True,geckolib,GeckoLib 4,,,0,
GlitchCore-neoforge-1.21.1-2.1.0.2.jar,90717,d9ea421e7449a35cf3adc41c9f740156342b7b17a08b1be843660608af7b60f9,True,glitchcore,GlitchCore,,,0,
Glodium-1.21-2.2-neoforge.jar,61377,369e99753df0bdc90a38a8c52df4abb37baf6b18c6ca130af4c7bc75fb160a85,True,glodium,Glodium,,,0,
gravestone-neoforge-1.21.1-1.0.40.jar,322082,204be9ccb8632a56a87aee9aab4c7874d0f6749f566c07f5dd420d24e24dc8b0,True,gravestone,Gravestone Mod,gravestone,gravestone,0,
gtbridge-1.0.0.jar,3921,18deef4eb788c21a3f204b3449a44c24493fcda3920681fac7b059e8bcffb4f3,True,gtbridge,GTCEu x KubeJS Bridge,,,0,
gtceu-1.21.1-7.0.2.jar,16555448,c09a550523e931342a575193cbaad2e4b643e5de2cefe280cd1de540022c6388,True,gtceu,GregTech,configuration; gtceu; ldlib,gtceu; ldlib,3,
guideme-21.1.19.jar,9311992,2ce254edb931c3c3cf81d69abaf8f4ce5b871bf85e64984f366bf044173bd66a,True,guideme,GuideME,guideme,,0,
hbmsntm-198A.jar,12822772,99afa4873803bc8ad608a906ba340f549f2fa6a2c3bcb5eb4f8b21ac6455a54f,True,hbmsntm,Hbm's Nuclear Tech: Neo Edition,hbmsntm,,0,
ImmediatelyFast-NeoForge-1.6.14+1.21.1.jar,365195,15bf9bd6d8e3ae8ad35c5a4d90680424b534d9762d698c0a466965afcab5dd78,True,immediatelyfast,ImmediatelyFast,,,1,
immersive_aircraft-1.5.2+1.21.1-neoforge.jar,2469769,ef5b68c04171d1eadb3bb70e600eb766534ef7588a5b4737f9d55a4f38550ae9,True,immersive_aircraft,Immersive Aircraft,immersive_aircraft,immersive_aircraft,1,
ImmersiveEngineering-1.21.1-12.4.2-194.jar,14232121,45942985a4a4aebf265b8e22a0c54a96208637471f36f2532ff5d4911322debc,True,immersiveengineering,Immersive Engineering,immersiveengineering,immersiveengineering,2,
interiors-0.6.1 v3.jar,471085,d230a2960dcb0c3d5753bc1d4adb71c8c18c9491b8e3cfd4a6b56533dae7a2c6,True,interiors,Create: Interiors,interiors,interiors,0,
InventoryProfilesNext-neoforge-1.21.1-2.2.5.jar,1295466,05f1b8660f74f543fba61d4ce7cf8632d4c69a95b7c15b1a6fd442be2e397ca6,True,inventoryprofilesnext,Inventory Profiles Next,inventoryprofilesnext,inventoryprofilesnext,0,
iris-neoforge-1.8.14-beta.1+mc1.21.1.jar,2540723,60d5f8bf52f25e9986440f4a4270a6bd986d9cff994510e1108ac1547063b314,True,iris,Iris,iris,iris,6,
ironchest-1.21-neoforge-16.0.7.jar,305975,dae66a38a33c2adac6ca0b7a4fbf4b365ba37a6a1f7a10961028617965c1fcaf,True,ironchest,Iron Chests,ironchest,ironchest,0,
Jade-1.21.1-NeoForge-15.10.6.jar,726853,276f1f65a20d04f536989c4f311949d770b52c440c23c2b904a08860f3c93810,True,jade,Jade,jade,jade,0,
KeybindAtlas-v1.4.0-mc1.21.1-neoforge.jar,416296,d14e872d8201d474d05d2f0b5b513c791c048c43b5412536e9aa79015423c985,True,keybindatlas,Keybind Atlas,keybindatlas,keybindatlas,0,
kotlinforforge-5.12.0-all.jar,7279264,2785a4dd6de5c6c56065fd8eb789c82771bd2ee773c30794c23160a3b2c39139,True,,,,,11,
Ksyxis-1.4.5.jar,23303,a08ca6d645e500d50edcffaefa5e3c182a86e8128f9f2981eca26f2a8f6e1d02,True,ksyxis,Ksyxis,ksyxis,ksyxis,0,
kubejs-neoforge-2101.7.1-build.181.jar,1913809,7e1e11686383c5f1d9b869ff48a485873506e4f2d7833de73d236ba0b572baed,True,kubejs,KubeJS,,,2,
lambdynamiclights-4.8.11+1.21.1.jar,2023375,913b0358b1031828f1e060ea0ee361232dc2a1c82464f488a0a920739ce7c763,True,lambdynlights,LambDynamicLights,lambdynlights; spruceui,lambdynlights; spruceui,22,
ldlib2-neoforge-1.21.1-2.2.41-all.jar,7626423,eba8badc44a6fa0a8d4e5f444c7785f230300c9f774d61a710958c7280fc1b02,True,ldlib2,LowDragLib2,ldlib2,ldlib2,3,
libIPN-neoforge-1.21.1-6.6.3.jar,626146,98f061ba69d31764fa10ab7810ca49062633e107a6b261ba3b66dc25ba5fef7b,True,libipn,libIPN,libipn,libipn,0,
lithostitched-1.8.0-neoforge-21.1.jar,979783,204699b4e3aa3176e2da5b145c6c66887363821f2bd671ba77bd94750036e169,True,lithostitched,Lithostitched,apollib,,2,
locometal_armor-1.1.0.jar,328928,ba78cce89511b489a8019bfdc25aa3007b7bdda6873810863abd0923fd2097ee,True,locometal_armor,CBC: Locometal Armor,locometal_armor,,0,
mcw-doors-1.1.5-mc1.21.1neoforge.jar,1190404,87261e309f5e10c9910169d5acbba613cab3a2d2270698b0bd47e657a45b0518,True,mcwdoors,Macaw's Doors,mcwdoors,mcwdoors,0,
mcw-furniture-3.4.1-mc1.21.1neoforge.jar,2080436,819fda8059b210e9de8b9275c8b8e0d931054af5a5ad47771c72d9fd4ab85e88,True,mcwfurnitures,Macaw's Furniture,mcwfurnitures,mcwfurnitures,0,
mcw-lights-1.1.5-mc1.21.1neoforge.jar,525744,b27cd68a7673874b0f6d765bdef2a022666cc07ca0e5057209a16d1a535da9e4,True,mcwlights,Macaw's Lights and Lamps,mcwlights,mcwlights,0,
mcw-mcwfences-1.2.1-mc1.21.1neoforge.jar,673871,e4b0e5a5b67decc2285e71f017fb4f60284796fa0838de3edeaf6b7cb0395735,True,mcwfences,Macaw's Fences and Walls,mcwfences,mcwfences,0,
mcw-roofs-2.3.2-mc1.21.1neoforge.jar,1784829,25c79def993a24b05b0f8494ee9417717d469bc000d5ed7c219b47dcc3b3e9c8,True,mcwroofs,Macaw's Roofs,mcwroofs,mcwroofs,0,
mechanicals-1.21.1-1.1.6-kjs181patch.jar,2022008,a067e684d0e7818dc6ba3939b1aa37f0d647ad94385178b94a9babab14d793c6,True,mechanicals,Mechanicals Lib,mechanicals,mechanicals,3,
Mekanism-1.21.1-10.7.19.85.jar,11976009,004dbc9f3106f4d192aeaa1ee1190dd16ec9ca8059ed3d093b80034f4c574f43,True,mekanism,Mekanism,mekanism,mekanism,0,
MekanismGenerators-1.21.1-10.7.19.85.jar,1114598,0e5783b111e756f27b48c62b2f0e02fff750c77f7985ff809bfadc5f444ba4ac,True,mekanismgenerators,Mekanism: Generators,mekanismgenerators,mekanismgenerators,0,
MekanismTools-1.21.1-10.7.19.85.jar,526620,e1dbca7d70df150101da535f6ab4b165a2e402fde830d34df75b58d9aad24dd8,True,mekanismtools,Mekanism: Tools,mekanismtools,mekanismtools,0,
modernfix-neoforge-5.27.24+mc1.21.1.jar,604333,e6e9446890f0feb3aab3f6e73ae18cb17575c370f232179fef7baa30e61538fe,True,modernfix,ModernFix,modernfix,modernfix,0,
moderntrainparts-0.2.5-neoforge-mc1.21.1-cr6.0.10.jar,1017530,847680fc2bfc564dfd1b8333492408546499a3327b5d3566854652701904e781,True,moderntrainparts,Modern Train Parts,moderntrainparts,moderntrainparts,0,
morepropulsion-1.4.0.jar,969653,5d1cbab5c00d6b2c8e6bf57aae18b540722b3e8548b9174d91bce0ad6e8ef742,True,morepropulsion,More Propulsion,morepropulsion,,0,
MouseTweaks-neoforge-mc1.21-2.26.1.jar,73938,68e6f4201c5de97b77929a7215c9552495696ca6a3bf3ae4eacc34e135f6cc8b,True,mousetweaks,Mouse Tweaks,,,0,
MyNethersDelight-1.21.1-1.10.4.1.jar,905059,4ad1462d5826e66569574cd0353dc8f7d10e54ac2a86fcb6350895861d0964e8,True,mynethersdelight,My Nether's Delight,mynethersdelight,mynethersdelight,0,
NaturesCompass-1.21.1-3.4.0-neoforge.jar,224657,0e249ac11b2f916c5570d9679e188da652fa5664ba9cdb7be5dc9ff69497539c,True,naturescompass,Nature's Compass,naturescompass,naturescompass,0,
NeoForge-Version-Serene Seasons Plus-1.21.1-5.2.1.jar,427252,55671e555b2268b787d5dbeafcdb8965f12ccc37d804fde966533aa971755866,True,sereneseasonsplus,Serene Seasons Plus,sereneseasonsplus,,0,
noisium-neoforge-2.7.0+mc1.21-1.21.1.jar,60512,ca097cd53fcdabecbcbf22e2515eb1956f313f094cd3a0506800ebf239e255f9,True,noisium,Noisium,,,0,
notenoughanimations-neoforge-1.12.6-mc1.21.1.jar,1866035,e70609c5638d9f02edfb2c8ec448a7d567345323d7386937c174526aac56cb8f,True,notenoughanimations,NotEnoughAnimations,notenoughanimations; trender,notenoughanimations,2,
NovaCore-1.21.1-4.0.1-build.LOCAL.jar,78620,8ccbfdad23526b9e6810fec45cdd4862092e4c8b93d7e0e12a790609fb637eb3,True,novacore,NovaCore,,,0,
nuclearcraftneohaul-1.21.1-0.10.10-kjs181patch.jar,14851811,a0ec53ee3b1058eab73bef92f52f9ccb54c25e7611ce000977f4d88c7f90dad2,True,nuclearcraftneohaul,Nuclearcraft Neohaul,emi; nuclearcraftneohaul,nuclearcraftneohaul,0,
nutritionalbalance-1.21.1-7.0.3.jar,360589,ca26ae1773d4e57a3b98ef8019b380db38b345e7fd46666cce36e3cffec60967,True,nutritionalbalance,Nutritional Balance,nutritionalbalance,nutritionalbalance,0,
ok_zoomer-neo-10.0.0-beta.13.jar,208085,61da322358127329d40b36a028faa7d91c370a3708e08becf1f1b8b242c5eb61,True,ok_zoomer,Ok Zoomer,ok_zoomer,,2,
pamhc2crops-NEOFORGE-1.21.1-1.0.9.jar,1536646,ebdb8aaf2bda8d4a46fb655af57b546f285a1ff15411bba691c18420064b84b5,True,pamhc2crops,Pam's HarvestCraft - Crops,pamhc2crops,,0,
pamhc2foodcore-NEOFORGE-1.21.1-1.0.4.jar,1699044,acd5dd380eafc3f317b67231a2355c204cab254dfdf4ab1f25c084fdd3d317b9,True,pamhc2foodcore,Pam's HarvestCraft - Food Core,pamhc2foodcore,,0,
pamhc2trees-NEOFORGE-1.21.1-1.0.9.jar,1399642,64c34129468b0d75738cf0faf667a52067d2db1e72ee8564c0a8f850bbf154c7,True,pamhc2trees,Pam's HarvestCraft - Trees,pamhc2trees,,0,
Patchouli-1.21.1-93-NEOFORGE.jar,646777,959af52ed6640c316c3a8469203420be4aeea11ad6603890ba83bf48f5d9f993,True,patchouli,Patchouli,patchouli,patchouli,0,
perspatium-1.21.1-1.1.0.jar,401187,9831d9bfee0a2bc5e3d6c550bbb7fa54ee3843976bb032ed1156781a67ea5c0b,True,perspatium,Stellaris: Per Spatium Et Tempus,,,0,
pipeorgans-0.8.2+1.21.1.jar,6593821,bf51565afb47d0c0d1fef3cced7c837eff18302740f472372845339f5f22d939,True,pipeorgans,Create: Sound of Steam,pipeorgans,pipeorgans,1,
pmweather-1.21.1-0.17.14-alpha.jar,29828339,9ae5121d05c61f0b3d0307514d4d031289061b51780687c11fd4b4bb2cc453a2,True,pmweather,ProtoManly's Weather,pmweather; veil,,3,
pneumaticcraft-repressurized-8.2.23+mc1.21.1.jar,11884697,647ce20d52cf139f3b693b9b4c4753966a95a6dafc82d9e538ae4ae5b0249f9c,True,pneumaticcraft,PneumaticCraft: Repressurized,pneumaticcraft,pneumaticcraft,0,
polymorph-neoforge-1.2.0+1.21.1.jar,172671,4a09b7a3c8ea4f5b79acadb405a18140fe20d882e6930403c46cc7ad49c5ec06,True,polymorph,Polymorph,polymorph,polymorph,0,
potentials-neoforge-1.21-0.7.1.jar,90809,b09ac57b03593b62e044b5e73536c369598f5181180050942f973210bfdf4cc7,True,potentials,Potentials,,,0,
powergrid-mc1.21.1-0.6.0.1.jar,7905734,0c9918ac001634e69aee7c21a1d7b40289741c50a5291e5b6a6313b679879eff,True,powergrid,Create: Power Grid,powergrid,powergrid,6,
productivebees-1.21.1-13.13.5.jar,5216551,9d48d198bc6eacf3b7729f4d60b91e661cfa15d105264ba225dee87b1d547ba1,True,productivebees,Productive Bees,productivebees; productivelib,productivebees,1,
railways-0.3.0-beta.2+neoforge-mc1.21.1.jar,18728584,64b74ddad661deae1cfe7e8334cfa3d39bb8ef7b761f83595ba0476c4a9bb1d5,True,railways,Create: Steam 'n' Rails 1.21.1,railways,railways,0,
rechiseled-1.2.6-neoforge-mc1.21.jar,11526036,cd638bb122d7e1afce4f38b1c7da3af99be7b9f523869cfbc15e5347db5f8d9a,True,rechiseled,Rechiseled,rechiseled,,0,
rechiseled_chipped-2.0-1.21.1.jar,177517,07d5f74f0734aa171b1001e6570f53fa0469d8b81e9bfb4032e5697ba008f869,True,rechiseled_chipped,Rechiseled: Chipped,rechiseled_chipped,,0,
rechiseledae2-neoforge-1.21-1.21.1-1.1.0.jar,275532,1b1c39fecda94529243802f1c2e57a3634c67c10fa9be75022a1f9f3dcc141f3,True,rechiseledae2,Rechiseled: AE2,rechiseledae2,,0,
resourcefulconfig-neoforge-1.21-3.0.11.jar,341009,25b4f3502d25c535004acd4a9420272fff01d2f1e2df352239fec93fdab005d4,True,resourcefulconfig,Resourcefulconfig,resourcefulconfig,,0,
resourcefullib-neoforge-1.21-3.0.12.jar,484332,5e36f2c69de008dc5795f730c84ab767688f15c810944b585485349a0c911261,True,resourcefullib,Resourceful Lib,,,2,
rhino-2101.2.8-build.91.jar,980936,1d53d962aa4dac54bcbb4f998c1845980cf194318f1d6b1580ea6ac15cce5ef3,True,rhino,Rhino,,,0,
ritchiesprojectilelib-2.1.2+mc.1.21.1-neoforge.jar,76369,cc509060833736fb650aa4c36b1ce33a7eeeb9ca6e9f8e80a7c951c9e7487b24,True,ritchiesprojectilelib,Ritchie's Projectile Library,,,0,
sable-dynamic-lights-1.21.1-2.0.1.jar,103621,65893d1623b36670de0438752a7c1e7c023ce1226ead08beea8ee4d4e8938f7b,True,sabledynlights,Sable Dynamic Lights,,,1,
sable-neoforge-1.21.1-2.0.5.jar,12986136,c8710f85bc780bbf523e6726ceaaf76dd0b8c61479db497b382c6bb34317e7ab,True,sable,Sable,sable; veil,,5,
ScalableCatsForce-NeoForge-3.7.1-build-11-with-library.jar,16872119,48cc7a8b4448d539aa7f4b56ae899b1484ec40ed8481af56818416726ee01193,True,,,,,0,
Searchables-neoforge-1.21.1-1.0.2.jar,77326,ca193f0c69033d8f709f9e073a7c1ef4ea46714e5c2f94eb23ace12781c6aa68,True,searchables,Searchables,searchables,searchables,0,
SereneSeasons-neoforge-1.21.1-10.1.0.3.jar,159205,86d89fce593f868cb6b542943c0f82850ca56970fe0327e401966d8d0420861d,True,sereneseasons,Serene Seasons,sereneseasons,sereneseasons,0,
sliceanddice-4.3.4-neoforge.jar,1356389,b3982e89611761d7f1cdce90794cd88498a2c9e1447d8a1aba33ed831f3c9201,True,sliceanddice,Create Slice & Dice,atmosphere; ponder; sliceanddice,ponder; sliceanddice,3,
sodium-neoforge-0.8.13+mc1.21.1.jar,1292934,575d187b15328d7bddd8a9b1bee64333c22c14735f5780ec49eac0cd5503c08d,True,sodium,Sodium,sodium,,5,
sophisticatedbackpacks-1.21.1-3.26.3.2158.jar,1251706,3690359cc3bb2aa43e40db6ca047ca7d5feda5141c8b9fd647c4355678e971e2,True,sophisticatedbackpacks,Sophisticated Backpacks,sophisticatedbackpacks,sophisticatedbackpacks,0,
sophisticatedcore-1.21.1-1.5.1.2341.jar,1785221,f627b497fc0a2b50da9f20b77e13073df9245718660259d8f559aa184c4418a1,True,sophisticatedcore,Sophisticated Core,sophisticatedcore,sophisticatedcore,0,
sound-physics-remastered-neoforge-1.21.1-1.5.1.jar,202454,65372ad64422a20f03ad6e39aabaa827c191abbe9be5c35631acc3a8105fe177,True,sound_physics_remastered,Sound Physics Remastered,sound_physics_remastered,sound_physics_remastered,0,
spark-1.10.124-neoforge.jar,3642581,647e8a81afbe414dba1df4ba15fd06c5d32d4cb544e68828405e8e074c2e16db,True,spark,spark,,,0,
supermartijn642configlib-1.1.8-neoforge-mc1.21.jar,207514,d2ba7b839a2268e4e223457e813d11aa2476c3bf708a7bba691d8fc851778a4b,True,supermartijn642configlib,SuperMartijn642's Config Library,,,0,
supermartijn642corelib-1.1.24a-neoforge-mc1.21.jar,562383,65d29b4d6a529beeb605f825093cb4f56f37efe092a8172bd0629b421e2c5d58,True,supermartijn642corelib,SuperMartijn642's Core Lib,supermartijn642corelib,,0,
tab_organizer-2.4.0-neoforge.jar,187741,6102f5f0b99b8e113ce8811add7b7eed04f73d975bc62d9616f9d13e8917bb4d,True,tab_organizer,Creative Tab Organizer,tab_organizer,,0,
tacz-neoforge-1.21.1-1.1.8-hotfix-r6.jar,57242132,58f6ab47c59218bdb10bb9eee1905b6cd27f3bc98d4af13982a6002a99b1d3e7,True,tacz,Timeless & Classics Guns: Zero,tacz,tacz,6,
takesapillage-neoforge-1.0.12+mc1.21.1.jar,2795307,4b44199db0a965d6cdb420025544e18d35d81fa70ee75f564f3b705ff550cf98,True,takesapillage,It Takes a Pillage Continuation,takesapillage,takesapillage,0,
tectonic-3.0.28-neoforge-21.1.jar,10490221,99793a3d7f5f57dd70a75fd4e1d5cade1bb03f3e393bd3b05f3b28ef4f07bdad,True,tectonic,Tectonic,apollib; tectonic; wariumce,,3,
TerraBlender-neoforge-1.21.1-4.1.0.8.jar,120364,edb34c388fe17ea88d0a7fd11174bbf8ae8f28a4c8ce886f1bf9a5cf0ebc36b8,True,terrablender,TerraBlender,terrablender,terrablender,0,
tfmg-1.2.0.jar,4924243,fc824a91cfe22e137c9014ed608ee9bf35f16490d2162b687666332c6eb3a555,True,tfmg,Create: The Factory Must Grow,tfmg,tfmg,0,
tracks_plus-1.0.6b7.jar,613537,97a4891caf7defc84a0e57e88d3db829ddee4c1966b22ba2e9a02ae548503627,True,tracks,Create Tracks+,tracks,tracks,0,
treephysics-neoforge-1.21.1-2.4.jar,450891,d53b43e65e4a22070ea630c313284fe4857340b14c182adda8d44bc9946807e7,True,treephysics,Tree Physics,treephysics,,0,
vortylib-1.2.5.2.jar,767088,2b062fc3aefee6ce8f51cdfaeb1af21b0b4dbf74408ae680ad473e220662be7b,True,vortylib,VortyLib,vortylib,vortylib,0,
wariumce-1.0.3-kjs181patch.jar,11830285,21fa22aa3b62393b2a31adad4bf0f0fec22153b9d7979f09ec38e413189ede03,True,wariumce,WariumCE,wariumce,,0,
weaversparadise-1.6.3.jar,2069574,111bc9950cc6800990ce5062ab0931501d97d2316986e43f13465536b7f2a06f,True,weaversparadise,Weavers Paradise,weaversparadise,weaversparadise,0,
xaerominimap-neoforge-1.21.1-26.5.0.jar,2185559,667105d8fdca64b27b29d8e0b88e67e7342038d3fb4edc4129bf452b601c6d20,True,xaerominimap,Xaero's Minimap,xaerobetterpvp; xaerolib; xaerominimap,xaerobetterpvp; xaerolib; xaerominimap,1,
xaeroworldmap-neoforge-1.21.1-1.46.0.jar,1422680,a7f059e4c48211f6d5c962e7640f5179cc1636bccc907ea77ab9e1865635cb24,True,xaeroworldmap,Xaero's World Map,xaeroworldmap,,1,
YungsApi-1.21.1-NeoForge-5.1.9.jar,413763,375e0b2f988ab4f5bde182166c0f0b102377adc8f823660c24ade08b0b3cde56,True,yungsapi,YUNG's API,yungsapi,yungsapi,0,
YungsBetterDesertTemples-1.21.1-NeoForge-4.1.5.jar,905839,2c3191ad447092cc7873a06e92f16bd3e2ff9dc31e93268b8893d06dd89e1fd6,True,betterdeserttemples,YUNG's Better Desert Temples,betterdeserttemples,betterdeserttemples,0,
YungsBetterDungeons-1.21.1-NeoForge-5.1.4.jar,782160,61816c3b7c9d92c6b44f93dce87ceb0a22827f20285d5d9c4d10d519d734de04,True,betterdungeons,YUNG's Better Dungeons,betterdungeons,betterdungeons,0,
YungsBetterEndIsland-1.21.1-NeoForge-3.1.2.jar,398130,8005f1ea798d09fc05dad07a21ed1f393a523a718197cdbd37b1ce6d9a17e4a4,True,betterendisland,YUNG's Better End Island,betterendisland,betterendisland,0,
YungsBetterJungleTemples-1.21.1-NeoForge-3.1.2.jar,795839,a0d57b78c7a1891796f342b1f09c214bc27bedf0a3a894f029dfdb2db9f813d0,True,betterjungletemples,YUNG's Better Jungle Temples,betterjungletemples,betterjungletemples,0,
YungsBetterMineshafts-1.21.1-NeoForge-5.1.1.jar,493967,5625930dfb3240820d6e4ecf55fff0c39f70ce782fad117a4d418251184c7be0,True,bettermineshafts,YUNG's Better Mineshafts,bettermineshafts,bettermineshafts,0,
YungsBetterNetherFortresses-1.21.1-NeoForge-3.1.5.jar,609639,5450a64a7036237f449496837e08f3e5b3aa1d7974a10df43944172def75d8ff,True,betterfortresses,YUNG's Better Nether Fortresses,betterfortresses,betterfortresses,0,
YungsBetterOceanMonuments-1.21.1-NeoForge-4.1.2.jar,1025571,cdcf8fe0e08c75261048d43c6ed4898972d23e096dd04a2524c136f06416ab02,True,betteroceanmonuments,YUNG's Better Ocean Monuments,betteroceanmonuments,betteroceanmonuments,0,
YungsBetterStrongholds-1.21.1-NeoForge-5.1.3.jar,461244,a9cab2fc01538368862365691f7d215309801aed0b390351681b6b60a1db7b58,True,betterstrongholds,YUNG's Better Strongholds,betterstrongholds,betterstrongholds,0,
YungsBetterWitchHuts-1.21.1-NeoForge-4.1.1.jar,174789,888b1e6d1ada21982a75abfb4afb040c9bc2cc68777ec5fcd1199b978e3d4f8d,True,betterwitchhuts,YUNG's Better Witch Huts,betterwitchhuts,betterwitchhuts,0,
ZeroCore2-1.21.1-2.4.21.jar,1551013,54ac755031b05c3a5b6ddfa22dabc45fb3775481041503dcecd75e5e86627779,True,zerocore,Zero CORE 2,zerocore,zerocore,0,
