artifact,member,locale,key
gtceu-1.21.1-7.0.2.jar,assets/gtceu/lang/ru_ru.json,ru_ru,recipe.condition.gamestage.unlocked_stage
gtceu-1.21.1-7.0.2.jar,assets/gtceu/lang/ru_ru.json,ru_ru,tagprefix.null
gtceu-1.21.1-7.0.2.jar,assets/gtceu/lang/ru_ru.json,ru_ru,gtceu.tooltip.status.trinary.false
gtceu-1.21.1-7.0.2.jar,assets/gtceu/lang/ru_ru.json,ru_ru,ldlib.gui.editor.group.widget.gtm_container
gtceu-1.21.1-7.0.2.jar,assets/gtceu/lang/ru_ru.json,ru_ru,ldlib.gui.editor.register.widget.container.gtm_phantom_fluid_slot
gtceu-1.21.1-7.0.2.jar,assets/gtceu/lang/ru_ru.json,ru_ru,ldlib.gui.editor.register.widget.container.gtm_fluid_slot
gtceu-1.21.1-7.0.2.jar,assets/gtceu/lang/ru_ru.json,ru_ru,ldlib.gui.editor.register.widget.container.gtm_item_slot
gtceu-1.21.1-7.0.2.jar,assets/gtceu/lang/ru_ru.json,ru_ru,ldlib.gui.editor.register.widget.container.gtm_phantom_item_slot
ironchest-1.21-neoforge-16.0.7.jar,assets/ironchest/lang/ru_ru.json,ru_ru,_comment
ironchest-1.21-neoforge-16.0.7.jar,assets/ironchest/lang/ru_ru.json,ru_ru,_comment
ironchest-1.21-neoforge-16.0.7.jar,assets/ironchest/lang/ru_ru.json,ru_ru,_comment
ironchest-1.21-neoforge-16.0.7.jar,assets/ironchest/lang/ru_ru.json,ru_ru,_comment
NaturesCompass-1.21.1-3.4.0-neoforge.jar,assets/naturescompass/lang/en_us.json,en_us,_comment
NaturesCompass-1.21.1-3.4.0-neoforge.jar,assets/naturescompass/lang/en_us.json,en_us,_comment
NaturesCompass-1.21.1-3.4.0-neoforge.jar,assets/naturescompass/lang/en_us.json,en_us,_comment
NaturesCompass-1.21.1-3.4.0-neoforge.jar,assets/naturescompass/lang/en_us.json,en_us,_comment
NaturesCompass-1.21.1-3.4.0-neoforge.jar,assets/naturescompass/lang/en_us.json,en_us,_comment
NaturesCompass-1.21.1-3.4.0-neoforge.jar,assets/naturescompass/lang/en_us.json,en_us,_comment
NaturesCompass-1.21.1-3.4.0-neoforge.jar,assets/naturescompass/lang/en_us.json,en_us,_comment
NaturesCompass-1.21.1-3.4.0-neoforge.jar,assets/naturescompass/lang/ru_ru.json,ru_ru,_comment
NaturesCompass-1.21.1-3.4.0-neoforge.jar,assets/naturescompass/lang/ru_ru.json,ru_ru,_comment
NaturesCompass-1.21.1-3.4.0-neoforge.jar,assets/naturescompass/lang/ru_ru.json,ru_ru,_comment
NaturesCompass-1.21.1-3.4.0-neoforge.jar,assets/naturescompass/lang/ru_ru.json,ru_ru,_comment
NaturesCompass-1.21.1-3.4.0-neoforge.jar,assets/naturescompass/lang/ru_ru.json,ru_ru,_comment
NaturesCompass-1.21.1-3.4.0-neoforge.jar,assets/naturescompass/lang/ru_ru.json,ru_ru,_comment
NaturesCompass-1.21.1-3.4.0-neoforge.jar,assets/naturescompass/lang/ru_ru.json,ru_ru,_comment
tfmg-1.2.0.jar,assets/tfmg/lang/ru_ru.json,ru_ru,_
tfmg-1.2.0.jar,assets/tfmg/lang/ru_ru.json,ru_ru,itemGroup.tfmg.base
tfmg-1.2.0.jar,assets/tfmg/lang/ru_ru.json,ru_ru,itemGroup.tfmg.building
tfmg-1.2.0.jar,assets/tfmg/lang/ru_ru.json,ru_ru,create.goggles.misc.number
tfmg-1.2.0.jar,assets/tfmg/lang/ru_ru.json,ru_ru,create.goggles.misc.percent_symbol
tfmg-1.2.0.jar,assets/tfmg/lang/ru_ru.json,ru_ru,create.goggles.misc.dot_one
tfmg-1.2.0.jar,assets/tfmg/lang/ru_ru.json,ru_ru,create.goggles.misc.dot_two
tfmg-1.2.0.jar,assets/tfmg/lang/ru_ru.json,ru_ru,create.goggles.misc.dot_three
tfmg-1.2.0.jar,assets/tfmg/lang/ru_ru.json,ru_ru,create.goggles.misc.storage_info
tfmg-1.2.0.jar,assets/tfmg/lang/ru_ru.json,ru_ru,create.goggles.fluid_in_tank
tfmg-1.2.0.jar,assets/tfmg/lang/ru_ru.json,ru_ru,create.goggles.surface_scanner.no_rotation
tfmg-1.2.0.jar,assets/tfmg/lang/ru_ru.json,ru_ru,create.goggles.surface_scanner.no_deposit
tfmg-1.2.0.jar,assets/tfmg/lang/ru_ru.json,ru_ru,create.goggles.surface_scanner.deposit_found
tfmg-1.2.0.jar,assets/tfmg/lang/ru_ru.json,ru_ru,create.goggles.surface_scanner.distance
tfmg-1.2.0.jar,assets/tfmg/lang/ru_ru.json,ru_ru,create.goggles.surface_scanner.scanning_surface
tfmg-1.2.0.jar,assets/tfmg/lang/ru_ru.json,ru_ru,create.goggles.distillation_tower.status
tfmg-1.2.0.jar,assets/tfmg/lang/ru_ru.json,ru_ru,create.goggles.distillation_tower.tank_not_found
tfmg-1.2.0.jar,assets/tfmg/lang/ru_ru.json,ru_ru,create.goggles.distillation_tower.not_tall_enough
tfmg-1.2.0.jar,assets/tfmg/lang/ru_ru.json,ru_ru,create.goggles.distillation_tower.level
tfmg-1.2.0.jar,assets/tfmg/lang/ru_ru.json,ru_ru,create.goggles.distillation_tower.found_outputs
tfmg-1.2.0.jar,assets/tfmg/lang/ru_ru.json,ru_ru,create.goggles.distillation_tower.no_outputs
tfmg-1.2.0.jar,assets/tfmg/lang/ru_ru.json,ru_ru,create.goggles.blast_furnace.stats
tfmg-1.2.0.jar,assets/tfmg/lang/ru_ru.json,ru_ru,create.goggles.blast_furnace.fuel_amount
tfmg-1.2.0.jar,assets/tfmg/lang/ru_ru.json,ru_ru,create.goggles.blast_furnace.item_count
tfmg-1.2.0.jar,assets/tfmg/lang/ru_ru.json,ru_ru,create.goggles.blast_furnace.height
tfmg-1.2.0.jar,assets/tfmg/lang/ru_ru.json,ru_ru,create.goggles.blast_furnace.nothing_lol
tfmg-1.2.0.jar,assets/tfmg/lang/ru_ru.json,ru_ru,create.goggles.blast_furnace.status.off
tfmg-1.2.0.jar,assets/tfmg/lang/ru_ru.json,ru_ru,create.goggles.blast_furnace.status.running
tfmg-1.2.0.jar,assets/tfmg/lang/ru_ru.json,ru_ru,create.goggles.blast_furnace.diameter.one
tfmg-1.2.0.jar,assets/tfmg/lang/ru_ru.json,ru_ru,create.goggles.blast_furnace.diameter.two
tfmg-1.2.0.jar,assets/tfmg/lang/ru_ru.json,ru_ru,create.goggles.blast_furnace.invalid
tfmg-1.2.0.jar,assets/tfmg/lang/ru_ru.json,ru_ru,create.goggles.coke_oven.status
tfmg-1.2.0.jar,assets/tfmg/lang/ru_ru.json,ru_ru,create.goggles.coke_oven.fluid_amount_output
tfmg-1.2.0.jar,assets/tfmg/lang/ru_ru.json,ru_ru,create.goggles.coke_oven.fluid_amount_exhaust
tfmg-1.2.0.jar,assets/tfmg/lang/ru_ru.json,ru_ru,create.goggles.coke_oven.item_count
tfmg-1.2.0.jar,assets/tfmg/lang/ru_ru.json,ru_ru,create.goggles.coke_oven.invalid
tfmg-1.2.0.jar,assets/tfmg/lang/ru_ru.json,ru_ru,create.goggles.coke_oven.tank_full
tfmg-1.2.0.jar,assets/tfmg/lang/ru_ru.json,ru_ru,create.goggles.coke_oven.progress
tfmg-1.2.0.jar,assets/tfmg/lang/ru_ru.json,ru_ru,create.goggles.engine_stats
tfmg-1.2.0.jar,assets/tfmg/lang/ru_ru.json,ru_ru,create.goggles.engine_exhaust_stats
tfmg-1.2.0.jar,assets/tfmg/lang/ru_ru.json,ru_ru,create.goggles.fuel_container
tfmg-1.2.0.jar,assets/tfmg/lang/ru_ru.json,ru_ru,create.goggles.engine.backpartmissing
tfmg-1.2.0.jar,assets/tfmg/lang/ru_ru.json,ru_ru,create.goggles.engine_redstone_input
tfmg-1.2.0.jar,assets/tfmg/lang/ru_ru.json,ru_ru,create.goggles.engine.efficiency
tfmg-1.2.0.jar,assets/tfmg/lang/ru_ru.json,ru_ru,create.tooltip.engine_analog_strength
tfmg-1.2.0.jar,assets/tfmg/lang/ru_ru.json,ru_ru,create.goggles.get_engine_efficiency
tfmg-1.2.0.jar,assets/tfmg/lang/ru_ru.json,ru_ru,create.goggles.engine.stress
tfmg-1.2.0.jar,assets/tfmg/lang/ru_ru.json,ru_ru,create.goggles.diesel_engine.info
tfmg-1.2.0.jar,assets/tfmg/lang/ru_ru.json,ru_ru,create.goggles.pumpjack_info
tfmg-1.2.0.jar,assets/tfmg/lang/ru_ru.json,ru_ru,create.goggles.pumpjack.part_missing
tfmg-1.2.0.jar,assets/tfmg/lang/ru_ru.json,ru_ru,create.goggles.pumpjack.wrong_rotation1
tfmg-1.2.0.jar,assets/tfmg/lang/ru_ru.json,ru_ru,create.goggles.pumpjack.wrong_rotation2
tfmg-1.2.0.jar,assets/tfmg/lang/ru_ru.json,ru_ru,create.goggles.pumpjack_fluid_storage
tfmg-1.2.0.jar,assets/tfmg/lang/ru_ru.json,ru_ru,create.pumpjack_deposit_amount
tfmg-1.2.0.jar,assets/tfmg/lang/ru_ru.json,ru_ru,create.goggles.pumpjack.deposit_info
tfmg-1.2.0.jar,assets/tfmg/lang/ru_ru.json,ru_ru,create.goggles.zero
tfmg-1.2.0.jar,assets/tfmg/lang/ru_ru.json,ru_ru,create.goggles.pumpjack.fluid_amount
tfmg-1.2.0.jar,assets/tfmg/lang/ru_ru.json,ru_ru,create.goggles.machine_input.info
tfmg-1.2.0.jar,assets/tfmg/lang/ru_ru.json,ru_ru,create.goggles.machine_input.no_rot
tfmg-1.2.0.jar,assets/tfmg/lang/ru_ru.json,ru_ru,create.goggles.machine_input.power_level
tfmg-1.2.0.jar,assets/tfmg/lang/ru_ru.json,ru_ru,create.recipe.distillation
tfmg-1.2.0.jar,assets/tfmg/lang/ru_ru.json,ru_ru,create.recipe.advanced_distillation
tfmg-1.2.0.jar,assets/tfmg/lang/ru_ru.json,ru_ru,create.recipe.industrial_blasting
tfmg-1.2.0.jar,assets/tfmg/lang/ru_ru.json,ru_ru,create.recipe.casting
tfmg-1.2.0.jar,assets/tfmg/lang/ru_ru.json,ru_ru,create.recipe.coking
tfmg-1.2.0.jar,assets/tfmg/lang/ru_ru.json,ru_ru,tfmg.subtitle.engine_sounds
tfmg-1.2.0.jar,assets/tfmg/lang/ru_ru.json,ru_ru,tfmg.subtitle.diesel_engine_sounds
tfmg-1.2.0.jar,assets/tfmg/lang/ru_ru.json,ru_ru,_
tfmg-1.2.0.jar,assets/tfmg/lang/ru_ru.json,ru_ru,tfmg.ponder.small_engines.text_1
tfmg-1.2.0.jar,assets/tfmg/lang/ru_ru.json,ru_ru,tfmg.ponder.small_engines.text_2
tfmg-1.2.0.jar,assets/tfmg/lang/ru_ru.json,ru_ru,tfmg.ponder.small_engines.text_3
tfmg-1.2.0.jar,assets/tfmg/lang/ru_ru.json,ru_ru,tfmg.ponder.small_engines.text_4
tfmg-1.2.0.jar,assets/tfmg/lang/ru_ru.json,ru_ru,tfmg.ponder.diesel_engine.text_1
tfmg-1.2.0.jar,assets/tfmg/lang/ru_ru.json,ru_ru,tfmg.ponder.diesel_engine.text_2
tfmg-1.2.0.jar,assets/tfmg/lang/ru_ru.json,ru_ru,tfmg.ponder.diesel_engine.text_3
tfmg-1.2.0.jar,assets/tfmg/lang/ru_ru.json,ru_ru,tfmg.ponder.diesel_engine_expansion.text_1
tfmg-1.2.0.jar,assets/tfmg/lang/ru_ru.json,ru_ru,tfmg.ponder.surface_scanner.text_1
tfmg-1.2.0.jar,assets/tfmg/lang/ru_ru.json,ru_ru,tfmg.ponder.surface_scanner.text_2
tfmg-1.2.0.jar,assets/tfmg/lang/ru_ru.json,ru_ru,tfmg.ponder.surface_scanner.text_3
tfmg-1.2.0.jar,assets/tfmg/lang/ru_ru.json,ru_ru,tfmg.ponder.pumpjack.text_1
tfmg-1.2.0.jar,assets/tfmg/lang/ru_ru.json,ru_ru,tfmg.ponder.pumpjack.text_2
tfmg-1.2.0.jar,assets/tfmg/lang/ru_ru.json,ru_ru,tfmg.ponder.pumpjack.text_3
tfmg-1.2.0.jar,assets/tfmg/lang/ru_ru.json,ru_ru,tfmg.ponder.pumpjack.text_4
tfmg-1.2.0.jar,assets/tfmg/lang/ru_ru.json,ru_ru,tfmg.ponder.distillation_tower.text_1
tfmg-1.2.0.jar,assets/tfmg/lang/ru_ru.json,ru_ru,tfmg.ponder.distillation_tower.text_2
tfmg-1.2.0.jar,assets/tfmg/lang/ru_ru.json,ru_ru,tfmg.ponder.distillation_tower.text_3
tfmg-1.2.0.jar,assets/tfmg/lang/ru_ru.json,ru_ru,tfmg.ponder.distillation_tower.text_4
tfmg-1.2.0.jar,assets/tfmg/lang/ru_ru.json,ru_ru,tfmg.ponder.distillation_tower.text_5
tfmg-1.2.0.jar,assets/tfmg/lang/ru_ru.json,ru_ru,tfmg.ponder.distillation_tower.text_6
tfmg-1.2.0.jar,assets/tfmg/lang/ru_ru.json,ru_ru,tfmg.ponder.distillation_tower.text_7
tfmg-1.2.0.jar,assets/tfmg/lang/ru_ru.json,ru_ru,tfmg.ponder.distillation_tower.text_8
tfmg-1.2.0.jar,assets/tfmg/lang/ru_ru.json,ru_ru,tfmg.ponder.distillation_tower.text_9
tfmg-1.2.0.jar,assets/tfmg/lang/ru_ru.json,ru_ru,tfmg.ponder.distillation_tower.text_10
tfmg-1.2.0.jar,assets/tfmg/lang/ru_ru.json,ru_ru,tfmg.ponder.distillation_tower.text_11
tfmg-1.2.0.jar,assets/tfmg/lang/ru_ru.json,ru_ru,tfmg.ponder.distillation_tower.text_12
tfmg-1.2.0.jar,assets/tfmg/lang/ru_ru.json,ru_ru,tfmg.ponder.blast_furnace.text_1
tfmg-1.2.0.jar,assets/tfmg/lang/ru_ru.json,ru_ru,tfmg.ponder.blast_furnace.text_2
tfmg-1.2.0.jar,assets/tfmg/lang/ru_ru.json,ru_ru,tfmg.ponder.blast_furnace.text_3
tfmg-1.2.0.jar,assets/tfmg/lang/ru_ru.json,ru_ru,tfmg.ponder.blast_furnace.text_4
tfmg-1.2.0.jar,assets/tfmg/lang/ru_ru.json,ru_ru,tfmg.ponder.coke_oven.text_1
tfmg-1.2.0.jar,assets/tfmg/lang/ru_ru.json,ru_ru,tfmg.ponder.coke_oven.text_2
tfmg-1.2.0.jar,assets/tfmg/lang/ru_ru.json,ru_ru,tfmg.ponder.coke_oven.text_3
tfmg-1.2.0.jar,assets/tfmg/lang/ru_ru.json,ru_ru,tfmg.ponder.coke_oven.text_4
tfmg-1.2.0.jar,assets/tfmg/lang/ru_ru.json,ru_ru,tfmg.ponder.coke_oven.text_5
tfmg-1.2.0.jar,assets/tfmg/lang/ru_ru.json,ru_ru,tfmg.ponder.casting.text_1
tfmg-1.2.0.jar,assets/tfmg/lang/ru_ru.json,ru_ru,tfmg.ponder.casting.text_2
tfmg-1.2.0.jar,assets/tfmg/lang/ru_ru.json,ru_ru,tfmg.ponder.distillation_tower.header
tfmg-1.2.0.jar,assets/tfmg/lang/ru_ru.json,ru_ru,tfmg.ponder.pumpjack.header
tfmg-1.2.0.jar,assets/tfmg/lang/ru_ru.json,ru_ru,tfmg.ponder.surface_scanner.header
tfmg-1.2.0.jar,assets/tfmg/lang/ru_ru.json,ru_ru,tfmg.ponder.diesel_engine.header
tfmg-1.2.0.jar,assets/tfmg/lang/ru_ru.json,ru_ru,tfmg.ponder.diesel_engine_expansion.header
tfmg-1.2.0.jar,assets/tfmg/lang/ru_ru.json,ru_ru,tfmg.ponder.small_engines.header
tfmg-1.2.0.jar,assets/tfmg/lang/ru_ru.json,ru_ru,tfmg.ponder.coke_oven.header
tfmg-1.2.0.jar,assets/tfmg/lang/ru_ru.json,ru_ru,tfmg.ponder.blast_furnace
tfmg-1.2.0.jar,assets/tfmg/lang/ru_ru.json,ru_ru,tfmg.ponder.casting.header
tfmg-1.2.0.jar,assets/tfmg/lang/ru_ru.json,ru_ru,tfmg.ponder.tag.oil
tfmg-1.2.0.jar,assets/tfmg/lang/ru_ru.json,ru_ru,tfmg.ponder.tag.metallurgy
tfmg-1.2.0.jar,assets/tfmg/lang/ru_ru.json,ru_ru,tfmg.ponder.tag.oil.description
tfmg-1.2.0.jar,assets/tfmg/lang/ru_ru.json,ru_ru,tfmg.ponder.tag.metallurgy.description
tfmg-1.2.0.jar,assets/tfmg/lang/ru_ru.json,ru_ru,_
tfmg-1.2.0.jar,assets/tfmg/lang/ru_ru.json,ru_ru,_
ZeroCore2-1.21.1-2.4.21.jar,assets/zerocore/lang/en_us.json,en_us,_comment
ZeroCore2-1.21.1-2.4.21.jar,assets/zerocore/lang/en_us.json,en_us,_comment
ZeroCore2-1.21.1-2.4.21.jar,assets/zerocore/lang/en_us.json,en_us,_comment
ZeroCore2-1.21.1-2.4.21.jar,assets/zerocore/lang/en_us.json,en_us,_comment
ZeroCore2-1.21.1-2.4.21.jar,assets/zerocore/lang/en_us.json,en_us,_comment
ZeroCore2-1.21.1-2.4.21.jar,assets/zerocore/lang/ru_ru.json,ru_ru,_comment
ZeroCore2-1.21.1-2.4.21.jar,assets/zerocore/lang/ru_ru.json,ru_ru,_comment
ZeroCore2-1.21.1-2.4.21.jar,assets/zerocore/lang/ru_ru.json,ru_ru,_comment
ZeroCore2-1.21.1-2.4.21.jar,assets/zerocore/lang/ru_ru.json,ru_ru,_comment
ZeroCore2-1.21.1-2.4.21.jar,assets/zerocore/lang/ru_ru.json,ru_ru,_comment
