artifact,mod_id,display_name,source,resource_pack_localizable
accdelight-1.0.0-neoforge+1.21.1.jar,accdelight,Alex's Caves Continued Delight,META-INF/neoforge.mods.toml,no
Ad-Astra-Giselle-Addon-neoforge-1.21.1-8.1.jar,ad_astra_giselle_addon,Ad Astra: Giselle Addon,META-INF/neoforge.mods.toml,no
adastra-1.21.1-1.16.26-neoforge.jar,ad_astra,Ad Astra,META-INF/neoforge.mods.toml,no
AdditionalEnchantedMiner-1.21.1-neoforge-21.1.164.jar,quarryplus,QuarryPlus,META-INF/neoforge.mods.toml,no
ae2wtlib-19.5.1.jar,ae2wtlib,AE2WTLib,META-INF/neoforge.mods.toml,no
AEAdditions-1.21.1-6.0.2.jar,ae2additions,AE Additions,META-INF/neoforge.mods.toml,no
aeronauticsplus-0.2.0.jar,aeronauticsplus,Aeronautics Plus,META-INF/neoforge.mods.toml,no
aeronauticswinds-1.3.1.jar,aeronauticswinds,Aeronautics: Winds & Weather,META-INF/neoforge.mods.toml,no
AgriCraft-neoforge-1.21.1-4.0.17.jar,agricraft,AgriCraft,META-INF/neoforge.mods.toml,no
alexscaves-1.1.1-neoforge+1.21.1.jar,alexscaves,Alex's Caves Continued,META-INF/neoforge.mods.toml,no
alexsmobs-2.2.2-neoforge+1.21.1.jar,alexsmobs,Alex's Mobs Continued,META-INF/neoforge.mods.toml,no
almostunified-neoforge-1.21.1-1.4.2.jar,almostunified,AlmostUnified,META-INF/neoforge.mods.toml,no
alternate_current-mc1.21-1.9.0.jar,alternate_current,Alternate Current,META-INF/neoforge.mods.toml,no
amcdelight-1.0.1-neoforge+1.21.1.jar,amcdelight,Alex's Mobs Continued Delight,META-INF/neoforge.mods.toml,no
appleskin-neoforge-mc1.21-3.0.9.jar,appleskin,AppleSkin,META-INF/neoforge.mods.toml,no
appliedenergistics2-19.2.17.jar,ae2,Applied Energistics 2,META-INF/neoforge.mods.toml,no
architectury-13.0.11-neoforge.jar,architectury,Architectury,META-INF/neoforge.mods.toml,no
athena-neoforge-1.21.1-4.0.6.jar,athena,Athena,META-INF/neoforge.mods.toml,no
baguettelib-1.21.1-NeoForge-2.0.7.jar,baguettelib,BaguetteLib,META-INF/neoforge.mods.toml,no
balm-neoforge-1.21.1-21.0.66.jar,balm,Balm,META-INF/neoforge.mods.toml,no
bellsandwhistles-0.4.7-1.21.1.jar,bellsandwhistles,Create: Bells & Whistles,META-INF/neoforge.mods.toml,no
better-advanced-tooltips-2101.1.0-build.5.jar,betteradvancedtooltips,Better Advanced Tooltips,META-INF/neoforge.mods.toml,no
betterdays-1.21.1-3.3.6.3-NEOFORGE.jar,betterdays,BetterDays,META-INF/neoforge.mods.toml,no
bigwater-1.2.0-neoforge+mc1.21.1.jar,bigwater,Big Water,META-INF/neoforge.mods.toml,no
BiomesOPlenty-neoforge-1.21.1-21.1.0.14.jar,biomesoplenty,Biomes O' Plenty,META-INF/neoforge.mods.toml,no
burnt-1.10.5.1-neoforge-1.21.1.jar,burnt_combined,Burnt,META-INF/neoforge.mods.toml,no
cannoncompressedarmor-1.0.0.jar,cannoncompressedarmor,CannonCompressedArmor,META-INF/neoforge.mods.toml,no
carryon-neoforge-1.21.1-2.2.6.13.jar,carryon,Carry On,META-INF/neoforge.mods.toml,no
CBC-Military-Supplement-1.21.1-2.1.4.jar,cbcmoreshells,CBC Military Supplement,META-INF/neoforge.mods.toml,no
cbc_going_ballistic-0.3.1.jar,cbc_going_ballistic,Create Big Cannons: Going Ballistic,META-INF/neoforge.mods.toml,no
Chest-Preview-NeoForge-1.21.1-1.0.0.jar,chestpreview,Chest Preview,META-INF/neoforge.mods.toml,no
chipped-neoforge-1.21.1-4.0.2.jar,chipped,Chipped,META-INF/neoforge.mods.toml,no
chisel-1.21.1-NeoForge-1.4.1.jar,chisel,Chisel Modern,META-INF/neoforge.mods.toml,no
chisels-and-bits-neoforge-21.1.32.jar,chiselsandbits,chisels-and-bits,META-INF/neoforge.mods.toml,no
Chunky-NeoForge-1.4.23.jar,chunky,Chunky,META-INF/neoforge.mods.toml,no
citadel-1.21.1-2.7.6.jar,citadel,Citadel,META-INF/neoforge.mods.toml,no
cloth-config-15.0.140-neoforge.jar,cloth_config,Cloth Config v15 API,META-INF/neoforge.mods.toml,no
Clumps-neoforge-1.21.1-19.0.0.1.jar,clumps,Clumps,META-INF/neoforge.mods.toml,no
codxlib-1.6.1-neoforge+1.21.1.jar,codxlib,CodxLib,META-INF/neoforge.mods.toml,no
comforts-neoforge-9.0.5+1.21.1.jar,comforts,Comforts,META-INF/neoforge.mods.toml,no
common-storage-lib-neoforge-1.21.1-0.0.10.jar,common_storage_lib,Common Storage Lib: Core,META-INF/neoforge.mods.toml,no
configuration-neoforge-1.21.1-3.1.1.jar,configuration,Configuration,META-INF/neoforge.mods.toml,no
Controlling-neoforge-1.21.1-19.0.5.jar,controlling,Controlling,META-INF/neoforge.mods.toml,no
copycats-3.0.9+mc.1.21.1-neoforge.jar,copycats,Create: Copycats+,META-INF/neoforge.mods.toml,no
cosmeticarmorreworked-1.21.1-v1-neoforge.jar,cosmeticarmorreworked,CosmeticArmorReworked,META-INF/neoforge.mods.toml,no
create-1.21.1-6.0.10.jar,create,Create,META-INF/neoforge.mods.toml,no
create-aeronautics-bundled-1.21.1-1.3.2.jar,aeronautics_bundled,Create Aeronautics,META-INF/neoforge.mods.toml,no
create-autonavigation-0.2.0.jar,create_autonavigation,Create: Autonavigation,META-INF/neoforge.mods.toml,no
create-central-kitchen-2.6.2.jar,create_central_kitchen,Create: Central Kitchen,META-INF/neoforge.mods.toml,no
create-confectionery1.21.1_v1.1.3b.jar,create_confectionery,Create Confectionery,META-INF/neoforge.mods.toml,no
create-new-age-1.2.0+neoforge-mc1.21.1.jar,create_new_age,Create: New Age,META-INF/neoforge.mods.toml,no
create-stuff-additions1.21.1_v2.1.4b.jar,create_sa,Create Stuff 'N Additions,META-INF/neoforge.mods.toml,no
create_aero_radar-0.1.1-1.21.1.jar,create_aero_radar,Create Aero Radar,META-INF/neoforge.mods.toml,no
create_connected-1.3.3-mc1.21.1.jar,create_connected,Create: Connected,META-INF/neoforge.mods.toml,no
create_hypertube-0.6.0-NEOFORGE.jar,create_hypertube,Create Hypertube,META-INF/neoforge.mods.toml,no
create_jetpack-forge-5.2.1.jar,create_jetpack,Create Jetpack,META-INF/neoforge.mods.toml,no
create_mechanical_extruder-1.21.1-2.2.2-6.0.10-kjs181patch.jar,create_mechanical_extruder,Create Mechanical Extruder,META-INF/neoforge.mods.toml,no
create_mechanical_spawner-1.21.1-1.3.2-6.0.10-kjs181patch.jar,create_mechanical_spawner,Create: Mechanical spawner,META-INF/neoforge.mods.toml,no
create_no_touching-1.0.8Neo-Aeronautics.jar,create_no_touching,Create: No Touching,META-INF/neoforge.mods.toml,no
create_optical-0.4.2.jar,create_optical,Create Optical Mod,META-INF/neoforge.mods.toml,no
create_radar-0.4.9.4-1.21.1.jar,create_radar,Create: Radars,META-INF/neoforge.mods.toml,no
create_radar_mobile_radars-1.0.0.jar,create_radar_mobile_radars,Create Radar: Mobile Radars,META-INF/neoforge.mods.toml,no
create_ratatouille-1.21.1-1.4.0.jar,ratatouille,Ratatouille,META-INF/neoforge.mods.toml,no
create_sa_curios_jetpacks-neoforge-1.21.1-1.2.4.jar,create_sa_curios_jetpacks,Create SA Curios Jetpacks,META-INF/neoforge.mods.toml,no
create_tsr-1.1.0.jar,create_tsr,Create: Track Switch Radio,META-INF/neoforge.mods.toml,no
createaddition-1.7.1.jar,createaddition,Create Crafts & Additions,META-INF/neoforge.mods.toml,no
createbigcannons-5.11.7+mc.1.21.1.jar,createbigcannons,Create Big Cannons,META-INF/neoforge.mods.toml,no
createdeco-2.1.3.jar,createdeco,Create Deco,META-INF/neoforge.mods.toml,no
createdieselgenerators-1.21.1-1.3.15.jar,createdieselgenerators,Create Diesel Generators,META-INF/neoforge.mods.toml,no
CreateDragonsPlus-1.11.9.jar,create_dragons_plus,Create: Dragons Plus,META-INF/neoforge.mods.toml,no
createendertransmission-2.1.1-1.21.1.jar,createendertransmission,Create Ender Transmission,META-INF/neoforge.mods.toml,no
createfirefightingadd-0.2.3-beta.jar,createfirefightingadd,CreateFireFightingAdd,META-INF/neoforge.mods.toml,no
createmobfarming-1.1.0.jar,createmobfarming,Create: Mob Farming,META-INF/neoforge.mods.toml,no
createoreexcavation-1.21-1.6.8-kjs181patch.jar,createoreexcavation,Create Ore Excavation,META-INF/neoforge.mods.toml,no
createpropulsion-1.1.5.jar,createpropulsion,Create Propulsion: Simulated,META-INF/neoforge.mods.toml,no
CreateRadiologistics-1.1.2.jar,radiologistics,Create: Radiologistics,META-INF/neoforge.mods.toml,no
CreateTailwind-1.0.0+1.21.1-neoforge.jar,createtailwind,Create: Tailwind,META-INF/neoforge.mods.toml,no
createtree-3.2.3.jar,createtree,Create Progression Tree,META-INF/neoforge.mods.toml,no
CTM-1.21-1.2.1+3.jar,ctm,ConnectedTexturesMod,META-INF/neoforge.mods.toml,no
curios-neoforge-9.5.1+1.21.1.jar,curios,Curios API,META-INF/neoforge.mods.toml,no
custommusic-1.21.1-1.0.1.jar,custommusic,Custom Music Player,META-INF/neoforge.mods.toml,no
dynamic-fps-3.11.4+minecraft-1.21.0-neoforge.jar,dynamic_fps,Dynamic FPS,META-INF/neoforge.mods.toml,no
emi-1.1.24+1.21.1+neoforge.jar,emi,EMI,META-INF/neoforge.mods.toml,no
emi_enchanting-0.1.2+1.21+neoforge.jar,emi_enchanting,EMI Enchanting,META-INF/neoforge.mods.toml,no
emi_ores-1.3+1.21.1+neoforge.jar,emi_ores,EMI Ores,META-INF/neoforge.mods.toml,no
EMIProfessions-neoforge-1.21.1-1.0.3.jar,emiprofessions,EMI Professions (EMIP),META-INF/neoforge.mods.toml,no
emotecraft-for-MC1.21.1-2.4.12-neoforge.jar,emotecraft,Emotecraft,META-INF/neoforge.mods.toml,no
enderio-8.2.12-beta.jar,enderio,Ender IO,META-INF/neoforge.mods.toml,no
entityculling-neoforge-1.11.2-mc1.21.1.jar,entityculling,EntityCulling,META-INF/neoforge.mods.toml,no
excompressum-neoforge-1.21.1-21.1.15.0.jar,excompressum,Ex Compressum,META-INF/neoforge.mods.toml,no
ExNihiloSequentia-1.21.1-7.0.3.5-build.LOCAL.jar,exnihilosequentia,Ex Nihilo: Sequentia,META-INF/neoforge.mods.toml,no
ExtendedAE-1.21-2.2.35-neoforge.jar,extendedae,ExtendedAE,META-INF/neoforge.mods.toml,no
extradelight-2.6.6.jar,extradelight,Extra Delight,META-INF/neoforge.mods.toml,no
FaradayEarsMod-1.21.1-1.0.0.jar,faradayears,Faraday Ears & Tail Mod (Yellow Fire Style),META-INF/neoforge.mods.toml,no
FarmersDelight-1.21.1-1.3.4.jar,farmersdelight,Farmer's Delight,META-INF/neoforge.mods.toml,no
ferritecore-7.0.3-neoforge.jar,ferritecore,Ferrite Core,META-INF/neoforge.mods.toml,no
firstperson-neoforge-2.7.2-mc1.21.1.jar,firstperson,FirstPerson,META-INF/neoforge.mods.toml,no
ftb-backups-3-21.1.5.jar,ftbbackups3,FTB Backups 3,META-INF/neoforge.mods.toml,no
ftb-library-neoforge-2101.1.36.jar,ftblibrary,FTB Library,META-INF/neoforge.mods.toml,no
ftb-quests-neoforge-2101.1.36.jar,ftbquests,FTB Quests,META-INF/neoforge.mods.toml,no
ftb-teams-neoforge-2101.1.11.jar,ftbteams,FTB Teams,META-INF/neoforge.mods.toml,no
fusion-1.3.15b-neoforge-mc1.21.1.jar,fusion,Fusion,META-INF/neoforge.mods.toml,no
gaboulibs-neoforge-1.9.jar,gaboulibs,gaboulibs,META-INF/neoforge.mods.toml,no
geckolib-neoforge-1.21.1-4.9.3.jar,geckolib,GeckoLib 4,META-INF/neoforge.mods.toml,no
GlitchCore-neoforge-1.21.1-2.1.0.2.jar,glitchcore,GlitchCore,META-INF/neoforge.mods.toml,no
Glodium-1.21-2.2-neoforge.jar,glodium,Glodium,META-INF/neoforge.mods.toml,no
gravestone-neoforge-1.21.1-1.0.40.jar,gravestone,Gravestone Mod,META-INF/neoforge.mods.toml,no
gtbridge-1.0.0.jar,gtbridge,GTCEu x KubeJS Bridge,META-INF/neoforge.mods.toml,no
gtceu-1.21.1-7.0.2.jar,gtceu,GregTech,META-INF/neoforge.mods.toml,no
guideme-21.1.19.jar,guideme,GuideME,META-INF/neoforge.mods.toml,no
hbmsntm-198A.jar,hbmsntm,Hbm's Nuclear Tech: Neo Edition,META-INF/neoforge.mods.toml,no
ImmediatelyFast-NeoForge-1.6.14+1.21.1.jar,immediatelyfast,ImmediatelyFast,META-INF/neoforge.mods.toml,no
immersive_aircraft-1.5.2+1.21.1-neoforge.jar,immersive_aircraft,Immersive Aircraft,META-INF/neoforge.mods.toml,no
ImmersiveEngineering-1.21.1-12.4.2-194.jar,immersiveengineering,Immersive Engineering,META-INF/neoforge.mods.toml,no
interiors-0.6.1 v3.jar,interiors,Create: Interiors,META-INF/neoforge.mods.toml,no
InventoryProfilesNext-neoforge-1.21.1-2.2.5.jar,inventoryprofilesnext,Inventory Profiles Next,META-INF/neoforge.mods.toml,no
iris-neoforge-1.8.14-beta.1+mc1.21.1.jar,iris,Iris,META-INF/neoforge.mods.toml,no
ironchest-1.21-neoforge-16.0.7.jar,ironchest,Iron Chests,META-INF/neoforge.mods.toml,no
Jade-1.21.1-NeoForge-15.10.6.jar,jade,Jade,META-INF/neoforge.mods.toml,no
KeybindAtlas-v1.4.0-mc1.21.1-neoforge.jar,keybindatlas,Keybind Atlas,META-INF/neoforge.mods.toml,no
Ksyxis-1.4.5.jar,ksyxis,Ksyxis,META-INF/neoforge.mods.toml,no
Ksyxis-1.4.5.jar,ksyxis,Ksyxis,fabric.mod.json,no
kubejs-neoforge-2101.7.1-build.181.jar,kubejs,KubeJS,META-INF/neoforge.mods.toml,no
lambdynamiclights-4.8.11+1.21.1.jar,lambdynlights,LambDynamicLights,META-INF/neoforge.mods.toml,no
lambdynamiclights-4.8.11+1.21.1.jar,lambdynlights,LambDynamicLights,fabric.mod.json,no
ldlib2-neoforge-1.21.1-2.2.41-all.jar,ldlib2,LowDragLib2,META-INF/neoforge.mods.toml,no
libIPN-neoforge-1.21.1-6.6.3.jar,libipn,libIPN,META-INF/neoforge.mods.toml,no
lithostitched-1.8.0-neoforge-21.1.jar,lithostitched,Lithostitched,META-INF/neoforge.mods.toml,no
locometal_armor-1.1.0.jar,locometal_armor,CBC: Locometal Armor,META-INF/neoforge.mods.toml,no
mcw-doors-1.1.5-mc1.21.1neoforge.jar,mcwdoors,Macaw's Doors,META-INF/neoforge.mods.toml,no
mcw-furniture-3.4.1-mc1.21.1neoforge.jar,mcwfurnitures,Macaw's Furniture,META-INF/neoforge.mods.toml,no
mcw-lights-1.1.5-mc1.21.1neoforge.jar,mcwlights,Macaw's Lights and Lamps,META-INF/neoforge.mods.toml,no
mcw-mcwfences-1.2.1-mc1.21.1neoforge.jar,mcwfences,Macaw's Fences and Walls,META-INF/neoforge.mods.toml,no
mcw-roofs-2.3.2-mc1.21.1neoforge.jar,mcwroofs,Macaw's Roofs,META-INF/neoforge.mods.toml,no
mechanicals-1.21.1-1.1.6-kjs181patch.jar,mechanicals,Mechanicals Lib,META-INF/neoforge.mods.toml,no
Mekanism-1.21.1-10.7.19.85.jar,mekanism,Mekanism,META-INF/neoforge.mods.toml,no
MekanismGenerators-1.21.1-10.7.19.85.jar,mekanismgenerators,Mekanism: Generators,META-INF/neoforge.mods.toml,no
MekanismTools-1.21.1-10.7.19.85.jar,mekanismtools,Mekanism: Tools,META-INF/neoforge.mods.toml,no
modernfix-neoforge-5.27.24+mc1.21.1.jar,modernfix,ModernFix,META-INF/neoforge.mods.toml,no
moderntrainparts-0.2.5-neoforge-mc1.21.1-cr6.0.10.jar,moderntrainparts,Modern Train Parts,META-INF/neoforge.mods.toml,no
morepropulsion-1.4.0.jar,morepropulsion,More Propulsion,META-INF/neoforge.mods.toml,no
MouseTweaks-neoforge-mc1.21-2.26.1.jar,mousetweaks,Mouse Tweaks,META-INF/neoforge.mods.toml,no
MyNethersDelight-1.21.1-1.10.4.1.jar,mynethersdelight,My Nether's Delight,META-INF/neoforge.mods.toml,no
NaturesCompass-1.21.1-3.4.0-neoforge.jar,naturescompass,Nature's Compass,META-INF/neoforge.mods.toml,no
NeoForge-Version-Serene Seasons Plus-1.21.1-5.2.1.jar,sereneseasonsplus,Serene Seasons Plus,META-INF/neoforge.mods.toml,no
noisium-neoforge-2.7.0+mc1.21-1.21.1.jar,noisium,Noisium,META-INF/neoforge.mods.toml,no
notenoughanimations-neoforge-1.12.6-mc1.21.1.jar,notenoughanimations,NotEnoughAnimations,META-INF/neoforge.mods.toml,no
NovaCore-1.21.1-4.0.1-build.LOCAL.jar,novacore,NovaCore,META-INF/neoforge.mods.toml,no
nuclearcraftneohaul-1.21.1-0.10.10-kjs181patch.jar,nuclearcraftneohaul,Nuclearcraft Neohaul,META-INF/neoforge.mods.toml,no
nutritionalbalance-1.21.1-7.0.3.jar,nutritionalbalance,Nutritional Balance,META-INF/neoforge.mods.toml,no
ok_zoomer-neo-10.0.0-beta.13.jar,ok_zoomer,Ok Zoomer,META-INF/neoforge.mods.toml,no
pamhc2crops-NEOFORGE-1.21.1-1.0.9.jar,pamhc2crops,Pam's HarvestCraft - Crops,META-INF/neoforge.mods.toml,no
pamhc2foodcore-NEOFORGE-1.21.1-1.0.4.jar,pamhc2foodcore,Pam's HarvestCraft - Food Core,META-INF/neoforge.mods.toml,no
pamhc2trees-NEOFORGE-1.21.1-1.0.9.jar,pamhc2trees,Pam's HarvestCraft - Trees,META-INF/neoforge.mods.toml,no
Patchouli-1.21.1-93-NEOFORGE.jar,patchouli,Patchouli,META-INF/neoforge.mods.toml,no
perspatium-1.21.1-1.1.0.jar,perspatium,Stellaris: Per Spatium Et Tempus,META-INF/neoforge.mods.toml,no
pipeorgans-0.8.2+1.21.1.jar,pipeorgans,Create: Sound of Steam,META-INF/neoforge.mods.toml,no
pmweather-1.21.1-0.17.14-alpha.jar,pmweather,ProtoManly's Weather,META-INF/neoforge.mods.toml,no
pneumaticcraft-repressurized-8.2.23+mc1.21.1.jar,pneumaticcraft,PneumaticCraft: Repressurized,META-INF/neoforge.mods.toml,no
polymorph-neoforge-1.2.0+1.21.1.jar,polymorph,Polymorph,META-INF/neoforge.mods.toml,no
potentials-neoforge-1.21-0.7.1.jar,potentials,Potentials,META-INF/neoforge.mods.toml,no
powergrid-mc1.21.1-0.6.0.1.jar,powergrid,Create: Power Grid,META-INF/neoforge.mods.toml,no
productivebees-1.21.1-13.13.5.jar,productivebees,Productive Bees,META-INF/neoforge.mods.toml,no
railways-0.3.0-beta.2+neoforge-mc1.21.1.jar,railways,Create: Steam 'n' Rails 1.21.1,META-INF/neoforge.mods.toml,no
rechiseled-1.2.6-neoforge-mc1.21.jar,rechiseled,Rechiseled,META-INF/neoforge.mods.toml,no
rechiseled_chipped-2.0-1.21.1.jar,rechiseled_chipped,Rechiseled: Chipped,META-INF/neoforge.mods.toml,no
rechiseledae2-neoforge-1.21-1.21.1-1.1.0.jar,rechiseledae2,Rechiseled: AE2,META-INF/neoforge.mods.toml,no
resourcefulconfig-neoforge-1.21-3.0.11.jar,resourcefulconfig,Resourcefulconfig,META-INF/neoforge.mods.toml,no
resourcefullib-neoforge-1.21-3.0.12.jar,resourcefullib,Resourceful Lib,META-INF/neoforge.mods.toml,no
rhino-2101.2.8-build.91.jar,rhino,Rhino,META-INF/neoforge.mods.toml,no
rhino-2101.2.8-build.91.jar,rhino,Rhino,fabric.mod.json,no
ritchiesprojectilelib-2.1.2+mc.1.21.1-neoforge.jar,ritchiesprojectilelib,Ritchie's Projectile Library,META-INF/neoforge.mods.toml,no
sable-dynamic-lights-1.21.1-2.0.1.jar,sabledynlights,Sable Dynamic Lights,META-INF/neoforge.mods.toml,no
sable-neoforge-1.21.1-2.0.5.jar,sable,Sable,META-INF/neoforge.mods.toml,no
Searchables-neoforge-1.21.1-1.0.2.jar,searchables,Searchables,META-INF/neoforge.mods.toml,no
SereneSeasons-neoforge-1.21.1-10.1.0.3.jar,sereneseasons,Serene Seasons,META-INF/neoforge.mods.toml,no
sliceanddice-4.3.4-neoforge.jar,sliceanddice,Create Slice & Dice,META-INF/neoforge.mods.toml,no
sodium-neoforge-0.8.13+mc1.21.1.jar,sodium,Sodium,META-INF/neoforge.mods.toml,no
sophisticatedbackpacks-1.21.1-3.26.3.2158.jar,sophisticatedbackpacks,Sophisticated Backpacks,META-INF/neoforge.mods.toml,no
sophisticatedcore-1.21.1-1.5.1.2341.jar,sophisticatedcore,Sophisticated Core,META-INF/neoforge.mods.toml,no
sound-physics-remastered-neoforge-1.21.1-1.5.1.jar,sound_physics_remastered,Sound Physics Remastered,META-INF/neoforge.mods.toml,no
spark-1.10.124-neoforge.jar,spark,spark,META-INF/neoforge.mods.toml,no
supermartijn642configlib-1.1.8-neoforge-mc1.21.jar,supermartijn642configlib,SuperMartijn642's Config Library,META-INF/neoforge.mods.toml,no
supermartijn642corelib-1.1.24a-neoforge-mc1.21.jar,supermartijn642corelib,SuperMartijn642's Core Lib,META-INF/neoforge.mods.toml,no
tab_organizer-2.4.0-neoforge.jar,tab_organizer,Creative Tab Organizer,META-INF/neoforge.mods.toml,no
tacz-neoforge-1.21.1-1.1.8-hotfix-r6.jar,tacz,Timeless & Classics Guns: Zero,META-INF/neoforge.mods.toml,no
takesapillage-neoforge-1.0.12+mc1.21.1.jar,takesapillage,It Takes a Pillage Continuation,META-INF/neoforge.mods.toml,no
tectonic-3.0.28-neoforge-21.1.jar,tectonic,Tectonic,META-INF/neoforge.mods.toml,no
TerraBlender-neoforge-1.21.1-4.1.0.8.jar,terrablender,TerraBlender,META-INF/neoforge.mods.toml,no
tfmg-1.2.0.jar,tfmg,Create: The Factory Must Grow,META-INF/neoforge.mods.toml,no
tracks_plus-1.0.6b7.jar,tracks,Create Tracks+,META-INF/neoforge.mods.toml,no
treephysics-neoforge-1.21.1-2.4.jar,treephysics,Tree Physics,META-INF/neoforge.mods.toml,no
vortylib-1.2.5.2.jar,vortylib,VortyLib,META-INF/neoforge.mods.toml,no
wariumce-1.0.3-kjs181patch.jar,wariumce,WariumCE,META-INF/neoforge.mods.toml,no
weaversparadise-1.6.3.jar,weaversparadise,Weavers Paradise,META-INF/neoforge.mods.toml,no
xaerominimap-neoforge-1.21.1-26.5.0.jar,xaerominimap,Xaero's Minimap,META-INF/neoforge.mods.toml,no
xaeroworldmap-neoforge-1.21.1-1.46.0.jar,xaeroworldmap,Xaero's World Map,META-INF/neoforge.mods.toml,no
YungsApi-1.21.1-NeoForge-5.1.9.jar,yungsapi,YUNG's API,META-INF/neoforge.mods.toml,no
YungsBetterDesertTemples-1.21.1-NeoForge-4.1.5.jar,betterdeserttemples,YUNG's Better Desert Temples,META-INF/neoforge.mods.toml,no
YungsBetterDungeons-1.21.1-NeoForge-5.1.4.jar,betterdungeons,YUNG's Better Dungeons,META-INF/neoforge.mods.toml,no
YungsBetterEndIsland-1.21.1-NeoForge-3.1.2.jar,betterendisland,YUNG's Better End Island,META-INF/neoforge.mods.toml,no
YungsBetterJungleTemples-1.21.1-NeoForge-3.1.2.jar,betterjungletemples,YUNG's Better Jungle Temples,META-INF/neoforge.mods.toml,no
YungsBetterMineshafts-1.21.1-NeoForge-5.1.1.jar,bettermineshafts,YUNG's Better Mineshafts,META-INF/neoforge.mods.toml,no
YungsBetterNetherFortresses-1.21.1-NeoForge-3.1.5.jar,betterfortresses,YUNG's Better Nether Fortresses,META-INF/neoforge.mods.toml,no
YungsBetterOceanMonuments-1.21.1-NeoForge-4.1.2.jar,betteroceanmonuments,YUNG's Better Ocean Monuments,META-INF/neoforge.mods.toml,no
YungsBetterStrongholds-1.21.1-NeoForge-5.1.3.jar,betterstrongholds,YUNG's Better Strongholds,META-INF/neoforge.mods.toml,no
YungsBetterWitchHuts-1.21.1-NeoForge-4.1.1.jar,betterwitchhuts,YUNG's Better Witch Huts,META-INF/neoforge.mods.toml,no
ZeroCore2-1.21.1-2.4.21.jar,zerocore,Zero CORE 2,META-INF/neoforge.mods.toml,no
