namespace,status,quality,english_keys,built_in_ru_matches,pack_ru_matches,effective_covered,coverage_percent,missing_keys,identical_to_english,no_cyrillic,placeholder_mismatches,blocks,blocks_covered,items,items_covered,tooltips_help,tooltips_help_covered,interfaces,interfaces_covered,source_jars
accdelight,complete,ok,37,0,37,37,100.00,0,0,0,0,0,0,36,36,0,0,0,0,accdelight-1.0.0-neoforge+1.21.1.jar
ad_astra,partial,missing_keys,831,685,0,685,82.43,146,20,20,0,333,333,84,84,92,91,41,10,adastra-1.21.1-1.16.26-neoforge.jar
ad_astra_giselle_addon,partial,missing_keys,168,117,0,117,69.64,51,3,3,0,4,3,8,6,12,7,83,69,Ad-Astra-Giselle-Addon-neoforge-1.21.1-8.1.jar
ae2,partial,missing_keys,1021,1018,3,1018,99.71,3,8,9,0,102,102,262,262,179,179,256,254,appliedenergistics2-19.2.17.jar
ae2additions,complete,review_non_russian_values,68,0,68,68,100.00,0,1,1,0,5,5,58,58,0,0,1,1,AEAdditions-1.21.1-6.0.2.jar
ae2wtlib,partial,missing_keys,46,29,0,29,63.04,17,0,0,0,0,0,8,8,0,0,36,21,ae2wtlib-19.5.1.jar
ae2wtlib_api,none,missing_keys,5,0,0,0,0.00,5,0,0,0,0,0,0,0,0,0,0,0,ae2wtlib-19.5.1.jar; ExtendedAE-1.21-2.2.35-neoforge.jar
aeronautics,complete,review_non_russian_values,219,219,219,219,100.00,0,1,1,0,43,43,4,4,8,8,20,20,create-aeronautics-bundled-1.21.1-1.3.2.jar
aeronauticsplus,complete,review_non_russian_values,11,11,2,11,100.00,0,1,1,0,10,10,0,0,0,0,0,0,aeronauticsplus-0.2.0.jar
aeronauticswinds,complete,ok,297,287,65,297,100.00,0,0,0,0,14,14,17,17,114,114,46,46,aeronauticswinds-1.3.1.jar
agricraft,complete,review_non_russian_values,449,447,449,449,100.00,0,2,2,0,8,8,20,20,86,86,73,73,AgriCraft-neoforge-1.21.1-4.0.17.jar
alexscaves,complete,review_non_russian_values,1725,1705,1725,1725,100.00,0,20,22,0,355,355,312,312,0,0,2,2,alexscaves-1.1.1-neoforge+1.21.1.jar
alexsmobs,complete,review_non_russian_values,1085,1074,1085,1085,100.00,0,19,19,0,118,118,336,336,19,19,1,1,alexsmobs-2.2.2-neoforge+1.21.1.jar
almostunified,complete,ok,6,6,0,6,100.00,0,0,0,0,0,0,0,0,1,1,0,0,almostunified-neoforge-1.21.1-1.4.2.jar
amcdelight,complete,ok,53,0,53,53,100.00,0,0,0,0,0,0,52,52,0,0,0,0,amcdelight-1.0.1-neoforge+1.21.1.jar
apollib,none,missing_keys,7,0,0,0,0.00,7,0,0,0,0,0,0,0,3,0,4,0,lithostitched-1.8.0-neoforge-21.1.jar; tectonic-3.0.28-neoforge-21.1.jar
appleskin,partial,missing_keys,22,12,0,12,54.55,10,0,0,0,0,0,0,0,13,3,0,0,appleskin-neoforge-mc1.21-3.0.9.jar
atmosphere,none,missing_keys,9,0,0,0,0.00,9,0,0,0,0,0,0,0,0,0,0,0,sliceanddice-4.3.4-neoforge.jar
baguettelib,complete,ok,3,0,3,3,100.00,0,0,0,0,1,1,1,1,0,0,0,0,baguettelib-1.21.1-NeoForge-2.0.7.jar
balm,none,missing_keys,36,0,0,0,0.00,36,0,0,0,0,0,0,0,0,0,1,0,balm-neoforge-1.21.1-21.0.66.jar
bellsandwhistles,complete,ok,39,39,0,39,100.00,0,0,0,0,36,36,0,0,0,0,0,0,bellsandwhistles-0.4.7-1.21.1.jar
betteradvancedtooltips,complete,ok,5,0,5,5,100.00,0,0,0,0,0,0,0,0,5,5,0,0,better-advanced-tooltips-2101.1.0-build.5.jar
betterdays,complete,review_non_russian_values,83,83,0,83,100.00,0,1,1,0,0,0,0,0,41,41,2,2,betterdays-1.21.1-3.3.6.3-NEOFORGE.jar
betterdeserttemples,complete,ok,13,13,0,13,100.00,0,0,0,0,0,0,0,0,6,6,0,0,YungsBetterDesertTemples-1.21.1-NeoForge-4.1.5.jar
betterdungeons,complete,review_non_russian_values,86,86,0,86,100.00,0,1,1,0,0,0,0,0,38,38,0,0,YungsBetterDungeons-1.21.1-NeoForge-5.1.4.jar
betterendisland,partial,missing_keys,13,5,0,5,38.46,8,1,1,0,0,0,0,0,6,2,0,0,YungsBetterEndIsland-1.21.1-NeoForge-3.1.2.jar
betterfortresses,complete,ok,4,4,0,4,100.00,0,0,0,0,0,0,0,0,1,1,0,0,YungsBetterNetherFortresses-1.21.1-NeoForge-3.1.5.jar
betterjungletemples,complete,ok,11,11,0,11,100.00,0,0,0,0,0,0,0,0,4,4,0,0,YungsBetterJungleTemples-1.21.1-NeoForge-3.1.2.jar
bettermineshafts,complete,ok,60,60,0,60,100.00,0,0,0,0,0,0,0,0,29,29,0,0,YungsBetterMineshafts-1.21.1-NeoForge-5.1.1.jar
betteroceanmonuments,complete,ok,4,4,0,4,100.00,0,0,0,0,0,0,0,0,1,1,0,0,YungsBetterOceanMonuments-1.21.1-NeoForge-4.1.2.jar
betterstrongholds,partial,missing_keys,11,6,0,6,54.55,5,0,0,0,0,0,0,0,4,1,0,0,YungsBetterStrongholds-1.21.1-NeoForge-5.1.3.jar
betterwitchhuts,complete,ok,4,4,0,4,100.00,0,0,0,0,0,0,0,0,1,1,0,0,YungsBetterWitchHuts-1.21.1-NeoForge-4.1.1.jar
bigwater,complete,ok,2,0,2,2,100.00,0,0,0,0,0,0,0,0,0,0,0,0,bigwater-1.2.0-neoforge+mc1.21.1.jar
biomesoplenty,partial,missing_keys,583,374,33,407,69.81,176,4,4,0,429,296,32,14,2,2,0,0,AgriCraft-neoforge-1.21.1-4.0.17.jar; BiomesOPlenty-neoforge-1.21.1-21.1.0.14.jar
burnt,partial,missing_keys,584,0,202,202,34.59,382,0,0,0,382,0,72,72,52,52,0,0,burnt-1.10.5.1-neoforge-1.21.1.jar
burnt_additions,complete,ok,180,0,180,180,100.00,0,0,0,0,77,77,21,21,34,34,0,0,burnt-1.10.5.1-neoforge-1.21.1.jar
burnt_combined,no_en_us,ok,0,0,0,0,0.00,0,0,0,0,0,0,0,0,0,0,0,0,
cannoncompressedarmor,complete,review_non_russian_values,1052,0,1052,1052,100.00,0,78,78,0,1032,1032,18,18,0,0,0,0,cannoncompressedarmor-1.0.0.jar
carryon,complete,review_non_russian_values,12,12,0,12,100.00,0,1,1,0,0,0,0,0,0,0,2,2,carryon-neoforge-1.21.1-2.2.6.13.jar
cbc_going_ballistic,complete,review_non_russian_values,7,0,7,7,100.00,0,3,3,0,0,0,0,0,6,6,0,0,cbc_going_ballistic-0.3.1.jar
cbcmoreshells,complete,review_non_russian_values,505,0,505,505,100.00,0,232,232,0,233,233,95,95,140,140,0,0,CBC-Military-Supplement-1.21.1-2.1.4.jar
chestpreview,complete,ok,16,16,0,16,100.00,0,0,0,0,0,0,0,0,0,0,16,16,Chest-Preview-NeoForge-1.21.1-1.0.0.jar
chipped,complete,review_non_russian_values,7265,0,7265,7265,100.00,0,1116,1116,0,6967,6967,6,6,0,0,0,0,chipped-neoforge-1.21.1-4.0.2.jar
chisel,complete,review_non_russian_values,2932,0,2932,2932,100.00,0,200,200,0,2880,2880,6,6,17,17,4,4,chisel-1.21.1-NeoForge-1.4.1.jar
chiselsandbits,partial,missing_keys,413,0,163,163,39.47,250,1,1,0,19,19,29,29,63,0,60,0,chisels-and-bits-neoforge-21.1.32.jar
citadel,none,missing_keys,24,0,0,0,0.00,24,0,0,0,1,0,5,0,0,0,11,0,citadel-1.21.1-2.7.6.jar
cloth-config2,complete,review_non_russian_values,49,49,0,49,100.00,0,3,3,0,0,0,0,0,1,1,2,2,cloth-config-15.0.140-neoforge.jar
codxlib,complete,review_non_russian_values,1,0,1,1,100.00,0,1,1,0,0,0,0,0,0,0,0,0,codxlib-1.6.1-neoforge+1.21.1.jar
comforts,complete,ok,83,83,0,83,100.00,0,0,0,0,44,44,0,0,19,19,15,15,comforts-neoforge-9.0.5+1.21.1.jar
common_storage_lib,complete,review_non_russian_values,3,0,3,3,100.00,0,1,1,0,0,0,0,0,0,0,0,0,common-storage-lib-neoforge-1.21.1-0.0.10.jar
configuration,complete,ok,40,0,40,40,100.00,0,0,0,0,0,0,0,0,8,8,8,8,configuration-neoforge-1.21.1-3.1.1.jar; gtceu-1.21.1-7.0.2.jar
controlling,partial,missing_keys,12,10,0,10,83.33,2,0,0,0,0,0,0,0,0,0,12,10,Controlling-neoforge-1.21.1-19.0.5.jar
copycats,complete,ok,67,67,0,67,100.00,0,0,0,0,46,46,2,2,16,16,0,0,copycats-3.0.9+mc.1.21.1-neoforge.jar
cosmeticarmorreworked,complete,ok,5,5,0,5,100.00,0,0,0,0,0,0,0,0,0,0,2,2,cosmeticarmorreworked-1.21.1-v1-neoforge.jar
create,partial,missing_keys,3639,3619,1,3619,99.45,20,11,14,0,643,643,103,103,269,258,464,459,create-1.21.1-6.0.10.jar
create_aero_radar,complete,review_non_russian_values,46,0,46,46,100.00,0,23,23,0,4,4,40,40,0,0,0,0,create_aero_radar-0.1.1-1.21.1.jar
create_autonavigation,complete,review_non_russian_values,14,14,14,14,100.00,0,1,1,0,1,1,0,0,0,0,12,12,create-autonavigation-0.2.0.jar
create_central_kitchen,complete,review_non_russian_values,63,63,0,63,100.00,0,27,27,0,0,0,0,0,1,1,0,0,create-central-kitchen-2.6.2.jar
create_confectionery,complete,review_non_russian_values,150,0,150,150,100.00,0,3,3,0,27,27,60,60,45,45,0,0,create-confectionery1.21.1_v1.1.3b.jar
create_connected,complete,review_non_russian_values,422,357,422,422,100.00,0,43,45,0,109,109,14,14,73,73,71,71,create_connected-1.3.3-mc1.21.1.jar
create_dragons_plus,complete,review_non_russian_values,356,356,0,356,100.00,0,226,226,0,56,56,57,57,6,6,0,0,CreateDragonsPlus-1.11.9.jar
create_hypertube,complete,review_non_russian_values,64,30,64,64,100.00,0,12,12,0,9,9,4,4,3,3,2,2,create_hypertube-0.6.0-NEOFORGE.jar
create_jetpack,complete,review_non_russian_values,27,27,0,27,100.00,0,1,1,0,2,2,4,4,20,20,1,1,create_jetpack-forge-5.2.1.jar
create_mechanical_extruder,complete,review_non_russian_values,16,16,0,16,100.00,0,1,2,0,2,2,0,0,4,4,0,0,create_mechanical_extruder-1.21.1-2.2.2-6.0.10-kjs181patch.jar
create_mechanical_spawner,partial,missing_keys,106,105,0,105,99.06,1,0,0,0,34,34,28,28,3,3,1,1,create_mechanical_spawner-1.21.1-1.3.2-6.0.10-kjs181patch.jar
create_new_age,partial,missing_keys,163,129,0,129,79.14,34,14,14,0,36,28,23,20,38,30,1,0,create-new-age-1.2.0+neoforge-mc1.21.1.jar
create_no_touching,complete,review_non_russian_values,17,0,17,17,100.00,0,1,1,0,6,6,5,5,2,2,0,0,create_no_touching-1.0.8Neo-Aeronautics.jar
create_optical,partial,missing_keys,169,96,1,96,56.80,73,1,1,0,13,9,14,12,8,5,22,7,create_optical-0.4.2.jar
create_radar,complete,review_non_russian_values,174,69,174,174,100.00,0,52,52,0,17,17,6,6,17,17,0,0,create_radar-0.4.9.4-1.21.1.jar
create_radar_mobile_radars,complete,review_non_russian_values,31,0,31,31,100.00,0,9,9,0,0,0,2,2,8,8,12,12,create_radar_mobile_radars-1.0.0.jar
create_sa,complete,review_non_russian_values,203,203,0,203,100.00,0,40,42,0,2,2,91,91,33,33,8,8,create-stuff-additions1.21.1_v2.1.4b.jar
create_sa_curios_jetpacks,none,missing_keys,19,0,0,0,0.00,19,0,0,0,0,0,0,0,2,0,15,0,create_sa_curios_jetpacks-neoforge-1.21.1-1.2.4.jar
create_tsr,complete,review_non_russian_values,32,0,32,32,100.00,0,14,14,0,0,0,1,1,7,7,5,5,create_tsr-1.1.0.jar
createaddition,partial,missing_keys,263,260,0,260,98.86,3,0,1,0,23,21,34,34,114,114,0,0,createaddition-1.7.1.jar
createbigcannons,partial,missing_keys,738,736,3,736,99.73,2,6,8,0,142,142,64,64,198,198,7,7,cbc_going_ballistic-0.3.1.jar; createbigcannons-5.11.7+mc.1.21.1.jar
createdeco,partial,missing_keys,411,330,0,330,80.29,81,0,0,0,389,310,20,20,0,0,0,0,createdeco-2.1.3.jar
createdieselgenerators,partial,missing_keys,293,286,0,286,97.61,7,1,1,0,65,64,37,37,58,56,15,15,createdieselgenerators-1.21.1-1.3.15.jar
createendertransmission,complete,review_non_russian_values,17,0,17,17,100.00,0,2,2,0,4,4,0,0,0,0,1,1,createendertransmission-2.1.1-1.21.1.jar
createfirefightingadd,complete,review_non_russian_values,306,0,306,306,100.00,0,195,195,0,19,19,16,16,66,66,9,9,createfirefightingadd-0.2.3-beta.jar
createmobfarming,complete,review_non_russian_values,123,0,123,123,100.00,0,1,1,0,4,4,2,2,2,2,5,5,createmobfarming-1.1.0.jar
createoreexcavation,complete,review_non_russian_values,105,105,0,105,100.00,0,1,1,0,6,6,8,8,16,16,9,9,createoreexcavation-1.21-1.6.8-kjs181patch.jar
createpropulsion,complete,review_non_russian_values,276,261,276,276,100.00,0,10,10,0,33,33,16,16,59,59,69,69,createpropulsion-1.1.5.jar
createtailwind,complete,review_non_russian_values,44,0,44,44,100.00,0,2,2,0,1,1,0,0,12,12,27,27,CreateTailwind-1.0.0+1.21.1-neoforge.jar
createtree,complete,review_non_russian_values,48,48,0,48,100.00,0,1,1,0,0,0,0,0,2,2,27,27,createtree-3.2.3.jar
ctm,none,missing_keys,7,0,0,0,0.00,7,0,0,0,0,0,0,0,2,0,0,0,CTM-1.21-1.2.1+3.jar
curios,partial,missing_keys,48,44,0,44,91.67,4,2,2,0,0,0,0,0,3,2,5,3,curios-neoforge-9.5.1+1.21.1.jar
custommusic,complete,ok,6,6,0,6,100.00,0,0,0,0,0,0,0,0,0,0,6,6,custommusic-1.21.1-1.0.1.jar
dynamic_fps,partial,missing_keys,85,63,0,63,74.12,22,0,0,0,0,0,0,0,16,10,61,49,dynamic-fps-3.11.4+minecraft-1.21.0-neoforge.jar
emi,partial,missing_keys,957,744,747,747,78.06,210,4,4,0,0,0,0,0,49,49,122,122,emi-1.1.24+1.21.1+neoforge.jar; nuclearcraftneohaul-1.21.1-0.10.10-kjs181patch.jar
emi_enchanting,partial,missing_keys,14,13,0,13,92.86,1,0,0,0,0,0,0,0,1,1,0,0,emi_enchanting-0.1.2+1.21+neoforge.jar
emi_ores,partial,missing_keys,125,79,0,79,63.20,46,0,0,0,0,0,0,0,0,0,0,0,emi_ores-1.3+1.21.1+neoforge.jar
emiprofessions,complete,ok,1,1,0,1,100.00,0,0,0,0,0,0,0,0,0,0,0,0,EMIProfessions-neoforge-1.21.1-1.0.3.jar
emotecraft,complete,review_non_russian_values,73,73,0,73,100.00,0,1,1,0,0,0,0,0,15,15,4,4,emotecraft-for-MC1.21.1-2.4.12-neoforge.jar
enderio,complete,review_non_russian_values,619,619,0,619,100.00,0,7,8,0,212,212,128,128,69,69,83,83,enderio-8.2.12-beta.jar
entityculling,partial,missing_keys,27,20,0,20,74.07,7,1,1,0,0,0,0,0,11,8,3,2,entityculling-neoforge-1.11.2-mc1.21.1.jar
excompressum,complete,review_non_russian_values,225,104,225,225,100.00,0,71,71,0,61,61,14,14,88,88,2,2,excompressum-neoforge-1.21.1-21.1.15.0.jar
exnihilosequentia,complete,review_non_russian_values,352,34,352,352,100.00,0,94,94,0,53,53,174,174,5,5,4,4,ExNihiloSequentia-1.21.1-7.0.3.5-build.LOCAL.jar
extendedae,partial,missing_keys,253,227,2,227,89.72,26,4,4,0,35,34,45,45,25,17,124,111,ExtendedAE-1.21-2.2.35-neoforge.jar
extradelight,partial,missing_keys,1802,1780,0,1780,98.78,22,6,6,0,823,823,668,668,55,33,2,2,extradelight-2.6.6.jar
farmersdelight,complete,ok,487,479,8,487,100.00,0,0,0,0,139,139,97,97,60,60,0,0,AgriCraft-neoforge-1.21.1-4.0.17.jar; FarmersDelight-1.21.1-1.3.4.jar
firstperson,partial,missing_keys,33,26,0,26,78.79,7,2,2,0,0,0,0,0,12,10,3,2,firstperson-neoforge-2.7.2-mc1.21.1.jar
flightlib,none,missing_keys,11,0,0,0,0.00,11,0,0,0,0,0,0,0,3,0,5,0,create_jetpack-forge-5.2.1.jar
flywheel,none,missing_keys,12,0,0,0,0.00,12,0,0,0,0,0,0,0,0,0,11,0,create-1.21.1-6.0.10.jar
ftbbackups3,none,missing_keys,69,0,0,0,0.00,69,0,0,0,0,0,0,0,18,0,9,0,ftb-backups-3-21.1.5.jar
ftblibrary,partial,missing_keys,113,109,0,109,96.46,4,4,4,0,0,0,3,3,10,9,47,47,ftb-library-neoforge-2101.1.36.jar
ftbquests,complete,review_non_russian_values,772,338,772,772,100.00,0,302,305,0,42,42,12,12,91,91,163,163,ftb-quests-neoforge-2101.1.36.jar
ftbteams,partial,missing_keys,112,90,1,90,80.36,22,1,1,0,0,0,0,0,3,1,55,41,ftb-teams-neoforge-2101.1.11.jar
fusion,none,missing_keys,8,0,0,0,0.00,8,0,0,0,0,0,0,0,0,0,0,0,fusion-1.3.15b-neoforge-mc1.21.1.jar
gravestone,complete,review_non_russian_values,33,33,0,33,100.00,0,2,2,0,1,1,1,1,2,2,28,28,gravestone-neoforge-1.21.1-1.0.40.jar
gtceu,partial,missing_keys,5546,5544,14,5544,99.96,2,202,208,0,1583,1583,690,689,1143,1143,303,302,gtceu-1.21.1-7.0.2.jar
guideme,complete,review_non_russian_values,36,0,36,36,100.00,0,1,1,0,0,0,1,1,2,2,2,2,guideme-21.1.19.jar
hbmsntm,complete,review_non_russian_values,1228,0,1228,1228,100.00,0,680,678,0,202,202,742,742,0,0,4,4,hbmsntm-198A.jar
immersive_aircraft,complete,ok,133,133,0,133,100.00,0,0,0,0,0,0,29,29,14,14,20,20,immersive_aircraft-1.5.2+1.21.1-neoforge.jar
immersiveengineering,partial,missing_keys,1955,1058,8,1061,54.27,894,63,66,0,846,266,314,264,2,2,226,107,AgriCraft-neoforge-1.21.1-4.0.17.jar; ImmersiveEngineering-1.21.1-12.4.2-194.jar
interiors,complete,ok,65,65,0,65,100.00,0,0,0,0,53,53,0,0,10,10,0,0,interiors-0.6.1 v3.jar
inventoryprofilesnext,partial,missing_keys,557,516,0,516,92.64,41,160,160,0,0,0,0,0,240,222,273,250,InventoryProfilesNext-neoforge-1.21.1-2.2.5.jar
iris,partial,missing_keys,73,67,0,67,91.78,6,1,1,0,0,0,0,0,8,7,32,31,iris-neoforge-1.8.14-beta.1+mc1.21.1.jar
ironchest,complete,review_non_russian_values,36,36,0,36,100.00,0,1,1,0,14,14,7,7,0,0,0,0,ironchest-1.21-neoforge-16.0.7.jar
jade,partial,missing_keys,410,281,0,281,68.54,129,13,15,0,0,0,0,0,19,19,220,177,Jade-1.21.1-NeoForge-15.10.6.jar
keybindatlas,complete,review_non_russian_values,180,180,0,180,100.00,0,3,3,0,0,0,0,0,46,46,44,44,KeybindAtlas-v1.4.0-mc1.21.1-neoforge.jar
ksyxis,complete,ok,4,4,0,4,100.00,0,0,0,0,0,0,0,0,4,4,0,0,Ksyxis-1.4.5.jar
kubejs,no_en_us,ok,0,0,0,0,0.00,0,0,0,0,0,0,0,0,0,0,0,0,
lambdynlights,partial,missing_keys,63,41,0,41,65.08,22,3,3,0,0,0,0,0,24,16,0,0,lambdynamiclights-4.8.11+1.21.1.jar
ldlib,partial,missing_keys,263,7,0,7,2.66,256,0,0,0,0,0,0,0,5,0,225,2,gtceu-1.21.1-7.0.2.jar
ldlib2,partial,missing_keys,703,7,0,7,1.00,696,0,0,0,2,0,2,0,14,0,193,2,ldlib2-neoforge-1.21.1-2.2.41-all.jar
libipn,partial,missing_keys,34,21,0,21,61.76,13,3,3,0,0,0,0,0,2,0,24,13,libIPN-neoforge-1.21.1-6.6.3.jar
locometal_armor,complete,ok,6,0,6,6,100.00,0,0,0,0,1,1,1,1,0,0,0,0,locometal_armor-1.1.0.jar
mcwdoors,partial,missing_keys,288,287,0,287,99.65,1,1,1,0,269,269,13,13,0,0,0,0,mcw-doors-1.1.5-mc1.21.1neoforge.jar
mcwfences,complete,review_non_russian_values,184,184,0,184,100.00,0,1,1,0,180,180,0,0,0,0,0,0,mcw-mcwfences-1.2.1-mc1.21.1neoforge.jar
mcwfurnitures,complete,review_non_russian_values,661,661,0,661,100.00,0,1,1,0,652,652,2,2,0,0,0,0,mcw-furniture-3.4.1-mc1.21.1neoforge.jar
mcwlights,complete,review_non_russian_values,146,146,0,146,100.00,0,1,1,0,140,140,0,0,0,0,0,0,mcw-lights-1.1.5-mc1.21.1neoforge.jar
mcwroofs,complete,review_non_russian_values,610,610,0,610,100.00,0,1,1,0,605,605,2,2,0,0,0,0,mcw-roofs-2.3.2-mc1.21.1neoforge.jar
mechanicals,complete,review_non_russian_values,26,26,0,26,100.00,0,5,5,0,0,0,1,1,22,22,0,0,mechanicals-1.21.1-1.1.6-kjs181patch.jar
mekanism,partial,missing_keys,3239,1609,1,1609,49.68,1630,58,61,0,200,187,168,166,683,136,157,146,Mekanism-1.21.1-10.7.19.85.jar
mekanismgenerators,partial,missing_keys,364,200,0,200,54.95,164,1,1,0,28,28,7,7,71,9,5,5,MekanismGenerators-1.21.1-10.7.19.85.jar
mekanismtools,partial,missing_keys,800,185,0,185,23.12,615,2,2,0,0,0,168,168,303,8,0,0,MekanismTools-1.21.1-10.7.19.85.jar
modernfix,partial,missing_keys,155,121,0,121,78.06,34,1,1,0,0,0,0,0,4,4,6,6,modernfix-neoforge-5.27.24+mc1.21.1.jar
moderntrainparts,complete,review_non_russian_values,32,32,0,32,100.00,0,5,5,0,7,7,20,20,0,0,0,0,moderntrainparts-0.2.5-neoforge-mc1.21.1-cr6.0.10.jar
morepropulsion,complete,review_non_russian_values,227,0,227,227,100.00,0,44,44,0,39,39,1,1,57,57,0,0,morepropulsion-1.4.0.jar
mynethersdelight,partial,missing_keys,187,132,0,132,70.59,55,0,0,0,48,44,71,65,27,6,0,0,MyNethersDelight-1.21.1-1.10.4.1.jar
mysticalagriculture,complete,review_non_russian_values,272,0,272,272,100.00,0,110,110,0,0,0,0,0,0,0,0,0,AgriCraft-neoforge-1.21.1-4.0.17.jar
naturescompass,complete,review_non_russian_values,44,44,0,44,100.00,0,1,1,0,0,0,1,1,0,0,0,0,NaturesCompass-1.21.1-3.4.0-neoforge.jar
notenoughanimations,partial,missing_keys,107,92,0,92,85.98,15,0,0,0,0,0,0,0,42,36,0,0,notenoughanimations-neoforge-1.12.6-mc1.21.1.jar
nuclearcraftneohaul,complete,review_non_russian_values,3643,2003,3643,3643,100.00,0,1005,1006,0,887,887,1084,1084,418,418,87,87,nuclearcraftneohaul-1.21.1-0.10.10-kjs181patch.jar
nutritionalbalance,partial,missing_keys,27,24,0,24,88.89,3,1,1,0,0,0,1,0,1,0,2,1,nutritionalbalance-1.21.1-7.0.3.jar
offroad,complete,ok,49,49,49,49,100.00,0,0,0,0,3,3,5,5,18,18,0,0,create-aeronautics-bundled-1.21.1-1.3.2.jar
ok_zoomer,none,missing_keys,159,0,0,0,0.00,159,0,0,0,0,0,0,0,67,0,88,0,ok_zoomer-neo-10.0.0-beta.13.jar
pamhc2crops,partial,missing_keys,514,0,320,320,62.26,194,0,0,0,103,103,216,216,0,0,0,0,AgriCraft-neoforge-1.21.1-4.0.17.jar; pamhc2crops-NEOFORGE-1.21.1-1.0.9.jar
pamhc2foodcore,complete,ok,203,0,203,203,100.00,0,0,0,0,0,0,202,202,0,0,0,0,pamhc2foodcore-NEOFORGE-1.21.1-1.0.4.jar
pamhc2trees,complete,ok,158,0,158,158,100.00,0,0,0,0,100,100,57,57,0,0,0,0,pamhc2trees-NEOFORGE-1.21.1-1.0.9.jar
patchouli,partial,missing_keys,92,90,0,90,97.83,2,2,2,0,0,0,16,16,4,4,68,68,Patchouli-1.21.1-93-NEOFORGE.jar
pipeorgans,complete,review_non_russian_values,325,325,0,325,100.00,0,10,10,0,38,38,12,12,0,0,48,48,pipeorgans-0.8.2+1.21.1.jar
pmweather,complete,review_non_russian_values,222,0,222,222,100.00,0,3,3,0,100,100,6,6,7,7,3,3,pmweather-1.21.1-0.17.14-alpha.jar
pneumaticcraft,partial,missing_keys,2271,1994,7,1994,87.80,277,18,18,0,167,166,166,164,382,366,1115,895,pneumaticcraft-repressurized-8.2.23+mc1.21.1.jar
polymorph,complete,ok,3,3,0,3,100.00,0,0,0,0,0,0,0,0,0,0,0,0,polymorph-neoforge-1.2.0+1.21.1.jar
ponder,partial,missing_keys,62,61,0,61,98.39,1,1,2,0,0,0,0,0,6,6,2,1,create-1.21.1-6.0.10.jar; sliceanddice-4.3.4-neoforge.jar
powergrid,partial,missing_keys,953,669,0,669,70.20,284,3,3,0,77,57,55,50,119,89,165,102,powergrid-mc1.21.1-0.6.0.1.jar
productivebees,partial,missing_keys,1118,998,0,998,89.27,120,420,420,0,302,302,69,68,112,101,9,9,productivebees-1.21.1-13.13.5.jar
productivelib,none,missing_keys,27,0,0,0,0.00,27,0,0,0,0,0,18,0,0,0,0,0,productivebees-1.21.1-13.13.5.jar
quarryplus,complete,review_non_russian_values,241,241,0,241,100.00,0,8,9,0,33,33,22,22,26,26,39,39,AdditionalEnchantedMiner-1.21.1-neoforge-21.1.164.jar
radiologistics,complete,review_non_russian_values,338,335,338,338,100.00,0,53,53,0,14,14,4,4,27,27,12,12,CreateRadiologistics-1.1.2.jar
railways,partial,missing_keys,2540,2501,0,2501,98.46,39,1,2,0,1440,1437,467,464,55,55,13,13,railways-0.3.0-beta.2+neoforge-mc1.21.1.jar
ratatouille,partial,missing_keys,133,75,0,75,56.39,58,1,1,0,17,9,42,20,4,1,2,0,create_ratatouille-1.21.1-1.4.0.jar
rechiseled,complete,review_non_russian_values,3656,0,3656,3656,100.00,0,224,224,0,2418,2418,0,0,1,1,0,0,rechiseled-1.2.6-neoforge-mc1.21.jar
rechiseled_chipped,no_en_us,ok,0,0,0,0,0.00,0,0,0,0,0,0,0,0,0,0,0,0,
rechiseledae2,none,missing_keys,73,0,0,0,0.00,73,0,0,0,72,0,0,0,0,0,0,0,rechiseledae2-neoforge-1.21-1.21.1-1.1.0.jar
resourcefulconfig,complete,ok,28,0,28,28,100.00,0,0,0,0,0,0,0,0,1,1,0,0,resourcefulconfig-neoforge-1.21-3.0.11.jar
sable,none,missing_keys,128,0,0,0,0.00,128,0,0,0,0,0,0,0,4,0,4,0,sable-neoforge-1.21.1-2.0.5.jar
searchables,complete,ok,1,1,0,1,100.00,0,0,0,0,0,0,0,0,0,0,1,1,Searchables-neoforge-1.21.1-1.0.2.jar
sereneseasons,complete,review_non_russian_values,36,36,0,36,100.00,0,1,1,0,1,1,2,2,0,0,0,0,SereneSeasons-neoforge-1.21.1-10.1.0.3.jar
sereneseasonsplus,no_en_us,ok,0,0,0,0,0.00,0,0,0,0,0,0,0,0,0,0,0,0,
simulated,complete,review_non_russian_values,650,650,634,650,100.00,0,4,4,0,98,98,10,10,80,80,76,76,create-aeronautics-bundled-1.21.1-1.3.2.jar
sliceanddice,complete,ok,16,16,0,16,100.00,0,0,0,0,3,3,1,1,1,1,1,1,sliceanddice-4.3.4-neoforge.jar
sodium,none,missing_keys,89,0,0,0,0.00,89,0,0,0,0,0,0,0,33,0,2,0,sodium-neoforge-0.8.13+mc1.21.1.jar
sophisticatedbackpacks,partial,missing_keys,406,257,0,257,63.30,149,5,5,0,6,6,79,67,89,87,90,68,sophisticatedbackpacks-1.21.1-3.26.3.2158.jar
sophisticatedcore,complete,review_non_russian_values,318,288,318,318,100.00,0,19,19,0,0,0,2,2,86,86,215,215,sophisticatedcore-1.21.1-1.5.1.2341.jar
sound_physics_remastered,partial,missing_keys,72,66,0,66,91.67,6,0,0,0,0,0,0,0,33,30,0,0,sound-physics-remastered-neoforge-1.21.1-1.5.1.jar
spectrelib,none,missing_keys,1,0,0,0,0.00,1,0,0,0,0,0,0,0,0,0,0,0,comforts-neoforge-9.0.5+1.21.1.jar
spruceui,complete,review_non_russian_values,10,10,0,10,100.00,0,1,1,0,0,0,0,0,0,0,1,1,lambdynamiclights-4.8.11+1.21.1.jar
supermartijn642corelib,none,missing_keys,1,0,0,0,0.00,1,0,0,0,0,0,0,0,0,0,0,0,supermartijn642corelib-1.1.24a-neoforge-mc1.21.jar
tab_organizer,complete,review_non_russian_values,91,0,91,91,100.00,0,2,2,0,0,0,0,0,35,35,56,56,tab_organizer-2.4.0-neoforge.jar
tacz,partial,missing_keys,561,559,0,559,99.64,2,13,41,0,3,3,8,8,78,78,181,179,tacz-neoforge-1.21.1-1.1.8-hotfix-r6.jar
takesapillage,partial,missing_keys,62,61,0,61,98.39,1,1,1,0,0,0,7,7,3,3,17,16,takesapillage-neoforge-1.0.12+mc1.21.1.jar
tectonic,complete,ok,109,0,109,109,100.00,0,0,0,0,0,0,0,0,43,43,58,58,tectonic-3.0.28-neoforge-21.1.jar
terrablender,complete,ok,2,2,0,2,100.00,0,0,0,0,0,0,0,0,0,0,0,0,TerraBlender-neoforge-1.21.1-4.1.0.8.jar
tfmg,complete,review_non_russian_values,1170,273,1170,1170,100.00,0,435,435,0,433,433,176,176,211,211,0,0,tfmg-1.2.0.jar
tracks,partial,missing_keys,44,31,0,31,70.45,13,2,2,0,1,1,22,9,16,16,2,2,tracks_plus-1.0.6b7.jar
treephysics,complete,ok,52,0,52,52,100.00,0,0,0,0,0,0,0,0,22,22,25,25,treephysics-neoforge-1.21.1-2.4.jar
trender,none,missing_keys,10,0,0,0,0.00,10,0,0,0,0,0,0,0,2,0,0,0,entityculling-neoforge-1.11.2-mc1.21.1.jar; firstperson-neoforge-2.7.2-mc1.21.1.jar; notenoughanimations-neoforge-1.12.6-mc1.21.1.jar
veil,none,missing_keys,174,0,0,0,0.00,174,0,0,0,0,0,0,0,0,0,3,0,pmweather-1.21.1-0.17.14-alpha.jar; sable-neoforge-1.21.1-2.0.5.jar
vortylib,partial,missing_keys,6,3,0,3,50.00,3,0,0,0,0,0,0,0,0,0,0,0,vortylib-1.2.5.2.jar
wariumce,complete,review_non_russian_values,1281,0,1281,1281,100.00,0,510,510,0,502,502,390,390,101,101,40,40,tectonic-3.0.28-neoforge-21.1.jar; wariumce-1.0.3-kjs181patch.jar
weaversparadise,partial,missing_keys,324,322,0,322,99.38,2,3,3,0,17,17,128,128,9,9,1,1,weaversparadise-1.6.3.jar
whitenoise,complete,review_non_russian_values,49,49,0,49,100.00,0,13,13,0,0,0,0,0,14,14,0,0,betterdays-1.21.1-3.3.6.3-NEOFORGE.jar
xaerobetterpvp,partial,missing_keys,78,77,0,77,98.72,1,0,0,0,0,0,0,0,4,4,74,73,xaerominimap-neoforge-1.21.1-26.5.0.jar
xaerolib,partial,missing_keys,46,10,0,10,21.74,36,0,0,0,0,0,0,0,3,0,43,10,xaerominimap-neoforge-1.21.1-26.5.0.jar
xaerominimap,partial,missing_keys,646,569,0,569,88.08,77,0,0,0,0,0,0,0,6,6,627,550,xaerominimap-neoforge-1.21.1-26.5.0.jar
xaeroworldmap,none,missing_keys,322,0,0,0,0.00,322,0,0,0,0,0,0,0,2,0,313,0,xaeroworldmap-neoforge-1.21.1-1.46.0.jar
yungsapi,partial,missing_keys,3,1,0,1,33.33,2,0,0,0,0,0,0,0,1,0,1,1,YungsApi-1.21.1-NeoForge-5.1.9.jar
zerocore,partial,missing_keys,50,48,1,48,96.00,2,5,5,0,0,0,1,1,4,2,29,29,ZeroCore2-1.21.1-2.4.21.jar
